"Project","ScanDate","DependencyName","DependencyPath","Description","License","Md5","Sha1","Identifiers","CPE","CVE","CWE","Vulnerability","Source","CVSSv2_Severity","CVSSv2_Score","CVSSv2","CVSSv3_BaseSeverity","CVSSv3_BaseScore","CVSSv3","CPE Confidence","Evidence Count"
reqmgr/reqmgr_dev/Dev_812,"Mon, 5 Sep 2022 05:43:36 -0400",bcprov-jdk15on-1.60.jar,/home/jenkins/agent/workspace/reqmgr/reqmgr_dev/com.ibm.security.access.reqmgr.cucumber/libs/bcprov-jdk15on-1.60.jar,The Bouncy Castle Crypto package is a Java implementation of cryptographic algorithms. This jar contains JCE provider and lightweight API for the Bouncy Castle Cryptography APIs for JDK 1.5 to JDK 1.8.,Bouncy Castle Licence: http://www.bouncycastle.org/licence.html,435ff931af9ed4430d2a27456b0386b2,bd47ad3bd14b8e82595c7adaa143501e60842a84,pkg:maven/org.bouncycastle/bcprov-jdk15on@1.60,"cpe:2.3:a:bouncycastle:legion-of-the-bouncy-castle:1.60:*:*:*:*:*:*:*, cpe:2.3:a:bouncycastle:legion-of-the-bouncy-castle-java-crytography-api:1.60:*:*:*:*:*:*:*",CVE-2020-0187,CWE-310 Cryptographic Issues,"In engineSetMode of BaseBlockCipher.java, there is a possible incorrect cryptographic algorithm chosen due to an incomplete comparison. This could lead to local information disclosure with no additional execution privileges needed. User interaction is not needed for exploitation.Product: AndroidVersions: Android-10Android ID: A-148517383",OSSINDEX,MEDIUM,5.5,/AV:L/AC:L/Au:/C:H/I:N/A:N,"","","",HIGH,48
reqmgr/reqmgr_dev/Dev_812,"Mon, 5 Sep 2022 05:43:36 -0400",bcprov-jdk15on-1.60.jar,/home/jenkins/agent/workspace/reqmgr/reqmgr_dev/com.ibm.security.access.reqmgr.cucumber/libs/bcprov-jdk15on-1.60.jar,The Bouncy Castle Crypto package is a Java implementation of cryptographic algorithms. This jar contains JCE provider and lightweight API for the Bouncy Castle Cryptography APIs for JDK 1.5 to JDK 1.8.,Bouncy Castle Licence: http://www.bouncycastle.org/licence.html,435ff931af9ed4430d2a27456b0386b2,bd47ad3bd14b8e82595c7adaa143501e60842a84,pkg:maven/org.bouncycastle/bcprov-jdk15on@1.60,"cpe:2.3:a:bouncycastle:legion-of-the-bouncy-castle:1.60:*:*:*:*:*:*:*, cpe:2.3:a:bouncycastle:legion-of-the-bouncy-castle-java-crytography-api:1.60:*:*:*:*:*:*:*",CVE-2020-26939,CWE-203 Information Exposure Through Discrepancy,"In Legion of the Bouncy Castle BC before 1.61 and BC-FJA before 1.0.1.2, attackers can obtain sensitive information about a private exponent because of Observable Differences in Behavior to Error Inputs. This occurs in org.bouncycastle.crypto.encodings.OAEPEncoding. Sending invalid ciphertext that decrypts to a short payload in the OAEP Decoder could result in the throwing of an early exception, potentially leaking some information about the private exponent of the RSA private key performing the encryption.",NVD,MEDIUM,5.0,/AV:N/AC:L/Au:N/C:P/I:N/A:N,MEDIUM,5.3,CVSS:3.1/AV:N/AC:L/PR:N/UI:N/S:U/C:L/I:N/A:N,HIGH,48
reqmgr/reqmgr_dev/Dev_812,"Mon, 5 Sep 2022 05:43:36 -0400",cucumber-core-4.5.4.jar: jquery-1.8.2.min.js,/home/jenkins/agent/workspace/reqmgr/reqmgr_dev/com.ibm.security.access.reqmgr.cucumber/libs/cucumber-core-4.5.4.jar/io/cucumber/formatter/html/jquery-1.8.2.min.js,"","",1d14cd3798bc4d6aaf65dd625870723f,0809f9f5caa2642b9dea8bf59133180bfd7c1d6f,pkg:javascript/jquery@1.8.2.min,"",CVE-2012-6708,CWE-79 Improper Neutralization of Input During Web Page Generation ('Cross-site Scripting'),"jQuery before 1.9.0 is vulnerable to Cross-site Scripting (XSS) attacks. The jQuery(strInput) function does not differentiate selectors from HTML in a reliable fashion. In vulnerable versions, jQuery determined whether the input was HTML by looking for the '<' character anywhere in the string, giving attackers more flexibility when attempting to construct a malicious payload. In fixed versions, jQuery only deems the input to be HTML if it explicitly starts with the '<' character, limiting exploitability only to attackers who can control the beginning of a string, which is far less common.",NVD,MEDIUM,4.3,/AV:N/AC:M/Au:N/C:N/I:P/A:N,MEDIUM,6.1,CVSS:3.0/AV:N/AC:L/PR:N/UI:R/S:C/C:L/I:L/A:N,HIGHEST,3
reqmgr/reqmgr_dev/Dev_812,"Mon, 5 Sep 2022 05:43:36 -0400",cucumber-core-4.5.4.jar: jquery-1.8.2.min.js,/home/jenkins/agent/workspace/reqmgr/reqmgr_dev/com.ibm.security.access.reqmgr.cucumber/libs/cucumber-core-4.5.4.jar/io/cucumber/formatter/html/jquery-1.8.2.min.js,"","",1d14cd3798bc4d6aaf65dd625870723f,0809f9f5caa2642b9dea8bf59133180bfd7c1d6f,pkg:javascript/jquery@1.8.2.min,"",CVE-2015-9251,CWE-79 Improper Neutralization of Input During Web Page Generation ('Cross-site Scripting'),"jQuery before 3.0.0 is vulnerable to Cross-site Scripting (XSS) attacks when a cross-domain Ajax request is performed without the dataType option, causing text/javascript responses to be executed.",NVD,MEDIUM,4.3,/AV:N/AC:M/Au:N/C:N/I:P/A:N,MEDIUM,6.1,CVSS:3.0/AV:N/AC:L/PR:N/UI:R/S:C/C:L/I:L/A:N,HIGHEST,3
reqmgr/reqmgr_dev/Dev_812,"Mon, 5 Sep 2022 05:43:36 -0400",cucumber-core-4.5.4.jar: jquery-1.8.2.min.js,/home/jenkins/agent/workspace/reqmgr/reqmgr_dev/com.ibm.security.access.reqmgr.cucumber/libs/cucumber-core-4.5.4.jar/io/cucumber/formatter/html/jquery-1.8.2.min.js,"","",1d14cd3798bc4d6aaf65dd625870723f,0809f9f5caa2642b9dea8bf59133180bfd7c1d6f,pkg:javascript/jquery@1.8.2.min,"",CVE-2019-11358,CWE-1321,"jQuery before 3.4.0, as used in Drupal, Backdrop CMS, and other products, mishandles jQuery.extend(true, {}, ...) because of Object.prototype pollution. If an unsanitized source object contained an enumerable __proto__ property, it could extend the native Object.prototype.",NVD,MEDIUM,4.3,/AV:N/AC:M/Au:N/C:N/I:P/A:N,MEDIUM,6.1,CVSS:3.1/AV:N/AC:L/PR:N/UI:R/S:C/C:L/I:L/A:N,HIGHEST,3
reqmgr/reqmgr_dev/Dev_812,"Mon, 5 Sep 2022 05:43:36 -0400",cucumber-core-4.5.4.jar: jquery-1.8.2.min.js,/home/jenkins/agent/workspace/reqmgr/reqmgr_dev/com.ibm.security.access.reqmgr.cucumber/libs/cucumber-core-4.5.4.jar/io/cucumber/formatter/html/jquery-1.8.2.min.js,"","",1d14cd3798bc4d6aaf65dd625870723f,0809f9f5caa2642b9dea8bf59133180bfd7c1d6f,pkg:javascript/jquery@1.8.2.min,"",CVE-2020-11022,CWE-79 Improper Neutralization of Input During Web Page Generation ('Cross-site Scripting'),"In jQuery versions greater than or equal to 1.2 and before 3.5.0, passing HTML from untrusted sources - even after sanitizing it - to one of jQuery's DOM manipulation methods (i.e. .html(), .append(), and others) may execute untrusted code. This problem is patched in jQuery 3.5.0.",NVD,MEDIUM,4.3,/AV:N/AC:M/Au:N/C:N/I:P/A:N,MEDIUM,6.1,CVSS:3.1/AV:N/AC:L/PR:N/UI:R/S:C/C:L/I:L/A:N,HIGHEST,3
reqmgr/reqmgr_dev/Dev_812,"Mon, 5 Sep 2022 05:43:36 -0400",cucumber-core-4.5.4.jar: jquery-1.8.2.min.js,/home/jenkins/agent/workspace/reqmgr/reqmgr_dev/com.ibm.security.access.reqmgr.cucumber/libs/cucumber-core-4.5.4.jar/io/cucumber/formatter/html/jquery-1.8.2.min.js,"","",1d14cd3798bc4d6aaf65dd625870723f,0809f9f5caa2642b9dea8bf59133180bfd7c1d6f,pkg:javascript/jquery@1.8.2.min,"",CVE-2020-11023,CWE-79 Improper Neutralization of Input During Web Page Generation ('Cross-site Scripting'),"In jQuery versions greater than or equal to 1.0.3 and before 3.5.0, passing HTML containing <option> elements from untrusted sources - even after sanitizing it - to one of jQuery's DOM manipulation methods (i.e. .html(), .append(), and others) may execute untrusted code. This problem is patched in jQuery 3.5.0.",NVD,MEDIUM,4.3,/AV:N/AC:M/Au:N/C:N/I:P/A:N,MEDIUM,6.1,CVSS:3.1/AV:N/AC:L/PR:N/UI:R/S:C/C:L/I:L/A:N,HIGHEST,3
reqmgr/reqmgr_dev/Dev_812,"Mon, 5 Sep 2022 05:43:36 -0400",cucumber-core-4.5.4.jar: jquery-3.3.1.min.js,/home/jenkins/agent/workspace/reqmgr/reqmgr_dev/com.ibm.security.access.reqmgr.cucumber/libs/cucumber-core-4.5.4.jar/io/cucumber/formatter/timeline/jquery-3.3.1.min.js,"","",a09e13ee94d51c524b7e2a728c7d4039,0dc32db4aa9c5f03f3b38c47d883dbd4fed13aae,pkg:javascript/jquery@3.3.1.min,"",CVE-2019-11358,CWE-1321,"jQuery before 3.4.0, as used in Drupal, Backdrop CMS, and other products, mishandles jQuery.extend(true, {}, ...) because of Object.prototype pollution. If an unsanitized source object contained an enumerable __proto__ property, it could extend the native Object.prototype.",NVD,MEDIUM,4.3,/AV:N/AC:M/Au:N/C:N/I:P/A:N,MEDIUM,6.1,CVSS:3.1/AV:N/AC:L/PR:N/UI:R/S:C/C:L/I:L/A:N,HIGHEST,3
reqmgr/reqmgr_dev/Dev_812,"Mon, 5 Sep 2022 05:43:36 -0400",cucumber-core-4.5.4.jar: jquery-3.3.1.min.js,/home/jenkins/agent/workspace/reqmgr/reqmgr_dev/com.ibm.security.access.reqmgr.cucumber/libs/cucumber-core-4.5.4.jar/io/cucumber/formatter/timeline/jquery-3.3.1.min.js,"","",a09e13ee94d51c524b7e2a728c7d4039,0dc32db4aa9c5f03f3b38c47d883dbd4fed13aae,pkg:javascript/jquery@3.3.1.min,"",CVE-2020-11022,CWE-79 Improper Neutralization of Input During Web Page Generation ('Cross-site Scripting'),"In jQuery versions greater than or equal to 1.2 and before 3.5.0, passing HTML from untrusted sources - even after sanitizing it - to one of jQuery's DOM manipulation methods (i.e. .html(), .append(), and others) may execute untrusted code. This problem is patched in jQuery 3.5.0.",NVD,MEDIUM,4.3,/AV:N/AC:M/Au:N/C:N/I:P/A:N,MEDIUM,6.1,CVSS:3.1/AV:N/AC:L/PR:N/UI:R/S:C/C:L/I:L/A:N,HIGHEST,3
reqmgr/reqmgr_dev/Dev_812,"Mon, 5 Sep 2022 05:43:36 -0400",cucumber-core-4.5.4.jar: jquery-3.3.1.min.js,/home/jenkins/agent/workspace/reqmgr/reqmgr_dev/com.ibm.security.access.reqmgr.cucumber/libs/cucumber-core-4.5.4.jar/io/cucumber/formatter/timeline/jquery-3.3.1.min.js,"","",a09e13ee94d51c524b7e2a728c7d4039,0dc32db4aa9c5f03f3b38c47d883dbd4fed13aae,pkg:javascript/jquery@3.3.1.min,"",CVE-2020-11023,CWE-79 Improper Neutralization of Input During Web Page Generation ('Cross-site Scripting'),"In jQuery versions greater than or equal to 1.0.3 and before 3.5.0, passing HTML containing <option> elements from untrusted sources - even after sanitizing it - to one of jQuery's DOM manipulation methods (i.e. .html(), .append(), and others) may execute untrusted code. This problem is patched in jQuery 3.5.0.",NVD,MEDIUM,4.3,/AV:N/AC:M/Au:N/C:N/I:P/A:N,MEDIUM,6.1,CVSS:3.1/AV:N/AC:L/PR:N/UI:R/S:C/C:L/I:L/A:N,HIGHEST,3
reqmgr/reqmgr_dev/Dev_812,"Mon, 5 Sep 2022 05:43:36 -0400",datatable-dependencies-1.1.14.jar (shaded: com.fasterxml.jackson.core:jackson-annotations:2.9.0),/home/jenkins/agent/workspace/reqmgr/reqmgr_dev/com.ibm.security.access.reqmgr.cucumber/libs/datatable-dependencies-1.1.14.jar/META-INF/maven/com.fasterxml.jackson.core/jackson-annotations/pom.xml,"Core annotations used for value types, used by Jackson data binding package.","",2c84710178bf2aa3302b526e6d01286e,1ef050f2a8b27be34031b10c2e3e068767851e8d,pkg:maven/com.fasterxml.jackson.core/jackson-annotations@2.9.0,cpe:2.3:a:fasterxml:jackson-modules-java8:2.9.0:*:*:*:*:*:*:*,CVE-2018-1000873,CWE-20 Improper Input Validation,"Fasterxml Jackson version Before 2.9.8 contains a CWE-20: Improper Input Validation vulnerability in Jackson-Modules-Java8 that can result in Causes a denial-of-service (DoS). This attack appear to be exploitable via The victim deserializes malicious input, specifically very large values in the nanoseconds field of a time value. This vulnerability appears to have been fixed in 2.9.8.",NVD,MEDIUM,4.3,/AV:N/AC:M/Au:N/C:N/I:N/A:P,MEDIUM,6.5,CVSS:3.1/AV:N/AC:L/PR:N/UI:R/S:U/C:N/I:N/A:H,HIGH,15
reqmgr/reqmgr_dev/Dev_812,"Mon, 5 Sep 2022 05:43:36 -0400",datatable-dependencies-1.1.14.jar (shaded: com.fasterxml.jackson.core:jackson-databind:2.9.9),/home/jenkins/agent/workspace/reqmgr/reqmgr_dev/com.ibm.security.access.reqmgr.cucumber/libs/datatable-dependencies-1.1.14.jar/META-INF/maven/com.fasterxml.jackson.core/jackson-databind/pom.xml,General data-binding functionality for Jackson: works on core streaming API,"",5d9a066c8ee9343cf9b64c3c22fec41a,4d5671aad3f615e2ace4989d87c3e4f5291ebc14,pkg:maven/com.fasterxml.jackson.core/jackson-databind@2.9.9,"cpe:2.3:a:fasterxml:jackson-databind:2.9.9:*:*:*:*:*:*:*, cpe:2.3:a:fasterxml:jackson-modules-java8:2.9.9:*:*:*:*:*:*:*",CVE-2019-12384,CWE-502 Deserialization of Untrusted Data,"FasterXML jackson-databind 2.x before 2.9.9.1 might allow attackers to have a variety of impacts by leveraging failure to block the logback-core class from polymorphic deserialization. Depending on the classpath content, remote code execution may be possible.",NVD,MEDIUM,4.3,/AV:N/AC:M/Au:N/C:P/I:N/A:N,MEDIUM,5.9,CVSS:3.0/AV:N/AC:H/PR:N/UI:N/S:U/C:H/I:N/A:N,HIGH,15
reqmgr/reqmgr_dev/Dev_812,"Mon, 5 Sep 2022 05:43:36 -0400",datatable-dependencies-1.1.14.jar (shaded: com.fasterxml.jackson.core:jackson-databind:2.9.9),/home/jenkins/agent/workspace/reqmgr/reqmgr_dev/com.ibm.security.access.reqmgr.cucumber/libs/datatable-dependencies-1.1.14.jar/META-INF/maven/com.fasterxml.jackson.core/jackson-databind/pom.xml,General data-binding functionality for Jackson: works on core streaming API,"",5d9a066c8ee9343cf9b64c3c22fec41a,4d5671aad3f615e2ace4989d87c3e4f5291ebc14,pkg:maven/com.fasterxml.jackson.core/jackson-databind@2.9.9,"cpe:2.3:a:fasterxml:jackson-databind:2.9.9:*:*:*:*:*:*:*, cpe:2.3:a:fasterxml:jackson-modules-java8:2.9.9:*:*:*:*:*:*:*",CVE-2019-12814,CWE-502 Deserialization of Untrusted Data,"A Polymorphic Typing issue was discovered in FasterXML jackson-databind 2.x through 2.9.9. When Default Typing is enabled (either globally or for a specific property) for an externally exposed JSON endpoint and the service has JDOM 1.x or 2.x jar in the classpath, an attacker can send a specifically crafted JSON message that allows them to read arbitrary local files on the server.",NVD,MEDIUM,4.3,/AV:N/AC:M/Au:N/C:P/I:N/A:N,MEDIUM,5.9,CVSS:3.0/AV:N/AC:H/PR:N/UI:N/S:U/C:H/I:N/A:N,HIGH,15
reqmgr/reqmgr_dev/Dev_812,"Mon, 5 Sep 2022 05:43:36 -0400",datatable-dependencies-1.1.14.jar (shaded: com.fasterxml.jackson.core:jackson-databind:2.9.9),/home/jenkins/agent/workspace/reqmgr/reqmgr_dev/com.ibm.security.access.reqmgr.cucumber/libs/datatable-dependencies-1.1.14.jar/META-INF/maven/com.fasterxml.jackson.core/jackson-databind/pom.xml,General data-binding functionality for Jackson: works on core streaming API,"",5d9a066c8ee9343cf9b64c3c22fec41a,4d5671aad3f615e2ace4989d87c3e4f5291ebc14,pkg:maven/com.fasterxml.jackson.core/jackson-databind@2.9.9,"cpe:2.3:a:fasterxml:jackson-databind:2.9.9:*:*:*:*:*:*:*, cpe:2.3:a:fasterxml:jackson-modules-java8:2.9.9:*:*:*:*:*:*:*",CVE-2019-14379,CWE-915 Improperly Controlled Modification of Dynamically-Determined Object Attributes,"SubTypeValidator.java in FasterXML jackson-databind before 2.9.9.2 mishandles default typing when ehcache is used (because of net.sf.ehcache.transaction.manager.DefaultTransactionManagerLookup), leading to remote code execution.",NVD,HIGH,7.5,/AV:N/AC:L/Au:N/C:P/I:P/A:P,CRITICAL,9.8,CVSS:3.1/AV:N/AC:L/PR:N/UI:N/S:U/C:H/I:H/A:H,HIGH,15
reqmgr/reqmgr_dev/Dev_812,"Mon, 5 Sep 2022 05:43:36 -0400",datatable-dependencies-1.1.14.jar (shaded: com.fasterxml.jackson.core:jackson-databind:2.9.9),/home/jenkins/agent/workspace/reqmgr/reqmgr_dev/com.ibm.security.access.reqmgr.cucumber/libs/datatable-dependencies-1.1.14.jar/META-INF/maven/com.fasterxml.jackson.core/jackson-databind/pom.xml,General data-binding functionality for Jackson: works on core streaming API,"",5d9a066c8ee9343cf9b64c3c22fec41a,4d5671aad3f615e2ace4989d87c3e4f5291ebc14,pkg:maven/com.fasterxml.jackson.core/jackson-databind@2.9.9,"cpe:2.3:a:fasterxml:jackson-databind:2.9.9:*:*:*:*:*:*:*, cpe:2.3:a:fasterxml:jackson-modules-java8:2.9.9:*:*:*:*:*:*:*",CVE-2019-14439,CWE-502 Deserialization of Untrusted Data,A Polymorphic Typing issue was discovered in FasterXML jackson-databind 2.x before 2.9.9.2. This occurs when Default Typing is enabled (either globally or for a specific property) for an externally exposed JSON endpoint and the service has the logback jar in the classpath.,NVD,MEDIUM,5.0,/AV:N/AC:L/Au:N/C:P/I:N/A:N,HIGH,7.5,CVSS:3.0/AV:N/AC:L/PR:N/UI:N/S:U/C:H/I:N/A:N,HIGH,15
reqmgr/reqmgr_dev/Dev_812,"Mon, 5 Sep 2022 05:43:36 -0400",datatable-dependencies-1.1.14.jar (shaded: com.fasterxml.jackson.core:jackson-databind:2.9.9),/home/jenkins/agent/workspace/reqmgr/reqmgr_dev/com.ibm.security.access.reqmgr.cucumber/libs/datatable-dependencies-1.1.14.jar/META-INF/maven/com.fasterxml.jackson.core/jackson-databind/pom.xml,General data-binding functionality for Jackson: works on core streaming API,"",5d9a066c8ee9343cf9b64c3c22fec41a,4d5671aad3f615e2ace4989d87c3e4f5291ebc14,pkg:maven/com.fasterxml.jackson.core/jackson-databind@2.9.9,"cpe:2.3:a:fasterxml:jackson-databind:2.9.9:*:*:*:*:*:*:*, cpe:2.3:a:fasterxml:jackson-modules-java8:2.9.9:*:*:*:*:*:*:*",CVE-2019-14540,CWE-502 Deserialization of Untrusted Data,A Polymorphic Typing issue was discovered in FasterXML jackson-databind before 2.9.10. It is related to com.zaxxer.hikari.HikariConfig.,NVD,HIGH,7.5,/AV:N/AC:L/Au:N/C:P/I:P/A:P,CRITICAL,9.8,CVSS:3.1/AV:N/AC:L/PR:N/UI:N/S:U/C:H/I:H/A:H,HIGH,15
reqmgr/reqmgr_dev/Dev_812,"Mon, 5 Sep 2022 05:43:36 -0400",datatable-dependencies-1.1.14.jar (shaded: com.fasterxml.jackson.core:jackson-databind:2.9.9),/home/jenkins/agent/workspace/reqmgr/reqmgr_dev/com.ibm.security.access.reqmgr.cucumber/libs/datatable-dependencies-1.1.14.jar/META-INF/maven/com.fasterxml.jackson.core/jackson-databind/pom.xml,General data-binding functionality for Jackson: works on core streaming API,"",5d9a066c8ee9343cf9b64c3c22fec41a,4d5671aad3f615e2ace4989d87c3e4f5291ebc14,pkg:maven/com.fasterxml.jackson.core/jackson-databind@2.9.9,"cpe:2.3:a:fasterxml:jackson-databind:2.9.9:*:*:*:*:*:*:*, cpe:2.3:a:fasterxml:jackson-modules-java8:2.9.9:*:*:*:*:*:*:*",CVE-2019-14892,CWE-502 Deserialization of Untrusted Data,"A flaw was discovered in jackson-databind in versions before 2.9.10, 2.8.11.5 and 2.6.7.3, where it would permit polymorphic deserialization of a malicious object using commons-configuration 1 and 2 JNDI classes. An attacker could use this flaw to execute arbitrary code.",NVD,HIGH,7.5,/AV:N/AC:L/Au:N/C:P/I:P/A:P,CRITICAL,9.8,CVSS:3.1/AV:N/AC:L/PR:N/UI:N/S:U/C:H/I:H/A:H,HIGH,15
reqmgr/reqmgr_dev/Dev_812,"Mon, 5 Sep 2022 05:43:36 -0400",datatable-dependencies-1.1.14.jar (shaded: com.fasterxml.jackson.core:jackson-databind:2.9.9),/home/jenkins/agent/workspace/reqmgr/reqmgr_dev/com.ibm.security.access.reqmgr.cucumber/libs/datatable-dependencies-1.1.14.jar/META-INF/maven/com.fasterxml.jackson.core/jackson-databind/pom.xml,General data-binding functionality for Jackson: works on core streaming API,"",5d9a066c8ee9343cf9b64c3c22fec41a,4d5671aad3f615e2ace4989d87c3e4f5291ebc14,pkg:maven/com.fasterxml.jackson.core/jackson-databind@2.9.9,"cpe:2.3:a:fasterxml:jackson-databind:2.9.9:*:*:*:*:*:*:*, cpe:2.3:a:fasterxml:jackson-modules-java8:2.9.9:*:*:*:*:*:*:*",CVE-2019-14893,CWE-502 Deserialization of Untrusted Data,"A flaw was discovered in FasterXML jackson-databind in all versions before 2.9.10 and 2.10.0, where it would permit polymorphic deserialization of malicious objects using the xalan JNDI gadget when used in conjunction with polymorphic type handling methods such as `enableDefaultTyping()` or when @JsonTypeInfo is using `Id.CLASS` or `Id.MINIMAL_CLASS` or in any other way which ObjectMapper.readValue might instantiate objects from unsafe sources. An attacker could use this flaw to execute arbitrary code.",NVD,HIGH,7.5,/AV:N/AC:L/Au:N/C:P/I:P/A:P,CRITICAL,9.8,CVSS:3.1/AV:N/AC:L/PR:N/UI:N/S:U/C:H/I:H/A:H,HIGH,15
reqmgr/reqmgr_dev/Dev_812,"Mon, 5 Sep 2022 05:43:36 -0400",datatable-dependencies-1.1.14.jar (shaded: com.fasterxml.jackson.core:jackson-databind:2.9.9),/home/jenkins/agent/workspace/reqmgr/reqmgr_dev/com.ibm.security.access.reqmgr.cucumber/libs/datatable-dependencies-1.1.14.jar/META-INF/maven/com.fasterxml.jackson.core/jackson-databind/pom.xml,General data-binding functionality for Jackson: works on core streaming API,"",5d9a066c8ee9343cf9b64c3c22fec41a,4d5671aad3f615e2ace4989d87c3e4f5291ebc14,pkg:maven/com.fasterxml.jackson.core/jackson-databind@2.9.9,"cpe:2.3:a:fasterxml:jackson-databind:2.9.9:*:*:*:*:*:*:*, cpe:2.3:a:fasterxml:jackson-modules-java8:2.9.9:*:*:*:*:*:*:*",CVE-2019-16335,CWE-502 Deserialization of Untrusted Data,A Polymorphic Typing issue was discovered in FasterXML jackson-databind before 2.9.10. It is related to com.zaxxer.hikari.HikariDataSource. This is a different vulnerability than CVE-2019-14540.,NVD,HIGH,7.5,/AV:N/AC:L/Au:N/C:P/I:P/A:P,CRITICAL,9.8,CVSS:3.1/AV:N/AC:L/PR:N/UI:N/S:U/C:H/I:H/A:H,HIGH,15
reqmgr/reqmgr_dev/Dev_812,"Mon, 5 Sep 2022 05:43:36 -0400",datatable-dependencies-1.1.14.jar (shaded: com.fasterxml.jackson.core:jackson-databind:2.9.9),/home/jenkins/agent/workspace/reqmgr/reqmgr_dev/com.ibm.security.access.reqmgr.cucumber/libs/datatable-dependencies-1.1.14.jar/META-INF/maven/com.fasterxml.jackson.core/jackson-databind/pom.xml,General data-binding functionality for Jackson: works on core streaming API,"",5d9a066c8ee9343cf9b64c3c22fec41a,4d5671aad3f615e2ace4989d87c3e4f5291ebc14,pkg:maven/com.fasterxml.jackson.core/jackson-databind@2.9.9,"cpe:2.3:a:fasterxml:jackson-databind:2.9.9:*:*:*:*:*:*:*, cpe:2.3:a:fasterxml:jackson-modules-java8:2.9.9:*:*:*:*:*:*:*",CVE-2019-16942,CWE-502 Deserialization of Untrusted Data,"A Polymorphic Typing issue was discovered in FasterXML jackson-databind 2.0.0 through 2.9.10. When Default Typing is enabled (either globally or for a specific property) for an externally exposed JSON endpoint and the service has the commons-dbcp (1.4) jar in the classpath, and an attacker can find an RMI service endpoint to access, it is possible to make the service execute a malicious payload. This issue exists because of org.apache.commons.dbcp.datasources.SharedPoolDataSource and org.apache.commons.dbcp.datasources.PerUserPoolDataSource mishandling.",NVD,HIGH,7.5,/AV:N/AC:L/Au:N/C:P/I:P/A:P,CRITICAL,9.8,CVSS:3.1/AV:N/AC:L/PR:N/UI:N/S:U/C:H/I:H/A:H,HIGH,15
reqmgr/reqmgr_dev/Dev_812,"Mon, 5 Sep 2022 05:43:36 -0400",datatable-dependencies-1.1.14.jar (shaded: com.fasterxml.jackson.core:jackson-databind:2.9.9),/home/jenkins/agent/workspace/reqmgr/reqmgr_dev/com.ibm.security.access.reqmgr.cucumber/libs/datatable-dependencies-1.1.14.jar/META-INF/maven/com.fasterxml.jackson.core/jackson-databind/pom.xml,General data-binding functionality for Jackson: works on core streaming API,"",5d9a066c8ee9343cf9b64c3c22fec41a,4d5671aad3f615e2ace4989d87c3e4f5291ebc14,pkg:maven/com.fasterxml.jackson.core/jackson-databind@2.9.9,"cpe:2.3:a:fasterxml:jackson-databind:2.9.9:*:*:*:*:*:*:*, cpe:2.3:a:fasterxml:jackson-modules-java8:2.9.9:*:*:*:*:*:*:*",CVE-2019-16943,CWE-502 Deserialization of Untrusted Data,"A Polymorphic Typing issue was discovered in FasterXML jackson-databind 2.0.0 through 2.9.10. When Default Typing is enabled (either globally or for a specific property) for an externally exposed JSON endpoint and the service has the p6spy (3.8.6) jar in the classpath, and an attacker can find an RMI service endpoint to access, it is possible to make the service execute a malicious payload. This issue exists because of com.p6spy.engine.spy.P6DataSource mishandling.",NVD,MEDIUM,6.8,/AV:N/AC:M/Au:N/C:P/I:P/A:P,CRITICAL,9.8,CVSS:3.1/AV:N/AC:L/PR:N/UI:N/S:U/C:H/I:H/A:H,HIGH,15
reqmgr/reqmgr_dev/Dev_812,"Mon, 5 Sep 2022 05:43:36 -0400",datatable-dependencies-1.1.14.jar (shaded: com.fasterxml.jackson.core:jackson-databind:2.9.9),/home/jenkins/agent/workspace/reqmgr/reqmgr_dev/com.ibm.security.access.reqmgr.cucumber/libs/datatable-dependencies-1.1.14.jar/META-INF/maven/com.fasterxml.jackson.core/jackson-databind/pom.xml,General data-binding functionality for Jackson: works on core streaming API,"",5d9a066c8ee9343cf9b64c3c22fec41a,4d5671aad3f615e2ace4989d87c3e4f5291ebc14,pkg:maven/com.fasterxml.jackson.core/jackson-databind@2.9.9,"cpe:2.3:a:fasterxml:jackson-databind:2.9.9:*:*:*:*:*:*:*, cpe:2.3:a:fasterxml:jackson-modules-java8:2.9.9:*:*:*:*:*:*:*",CVE-2019-17267,CWE-502 Deserialization of Untrusted Data,A Polymorphic Typing issue was discovered in FasterXML jackson-databind before 2.9.10. It is related to net.sf.ehcache.hibernate.EhcacheJtaTransactionManagerLookup.,NVD,HIGH,7.5,/AV:N/AC:L/Au:N/C:P/I:P/A:P,CRITICAL,9.8,CVSS:3.1/AV:N/AC:L/PR:N/UI:N/S:U/C:H/I:H/A:H,HIGH,15
reqmgr/reqmgr_dev/Dev_812,"Mon, 5 Sep 2022 05:43:36 -0400",datatable-dependencies-1.1.14.jar (shaded: com.fasterxml.jackson.core:jackson-databind:2.9.9),/home/jenkins/agent/workspace/reqmgr/reqmgr_dev/com.ibm.security.access.reqmgr.cucumber/libs/datatable-dependencies-1.1.14.jar/META-INF/maven/com.fasterxml.jackson.core/jackson-databind/pom.xml,General data-binding functionality for Jackson: works on core streaming API,"",5d9a066c8ee9343cf9b64c3c22fec41a,4d5671aad3f615e2ace4989d87c3e4f5291ebc14,pkg:maven/com.fasterxml.jackson.core/jackson-databind@2.9.9,"cpe:2.3:a:fasterxml:jackson-databind:2.9.9:*:*:*:*:*:*:*, cpe:2.3:a:fasterxml:jackson-modules-java8:2.9.9:*:*:*:*:*:*:*",CVE-2019-17531,CWE-502 Deserialization of Untrusted Data,"A Polymorphic Typing issue was discovered in FasterXML jackson-databind 2.0.0 through 2.9.10. When Default Typing is enabled (either globally or for a specific property) for an externally exposed JSON endpoint and the service has the apache-log4j-extra (version 1.2.x) jar in the classpath, and an attacker can provide a JNDI service to access, it is possible to make the service execute a malicious payload.",NVD,MEDIUM,6.8,/AV:N/AC:M/Au:N/C:P/I:P/A:P,CRITICAL,9.8,CVSS:3.1/AV:N/AC:L/PR:N/UI:N/S:U/C:H/I:H/A:H,HIGH,15
reqmgr/reqmgr_dev/Dev_812,"Mon, 5 Sep 2022 05:43:36 -0400",datatable-dependencies-1.1.14.jar (shaded: com.fasterxml.jackson.core:jackson-databind:2.9.9),/home/jenkins/agent/workspace/reqmgr/reqmgr_dev/com.ibm.security.access.reqmgr.cucumber/libs/datatable-dependencies-1.1.14.jar/META-INF/maven/com.fasterxml.jackson.core/jackson-databind/pom.xml,General data-binding functionality for Jackson: works on core streaming API,"",5d9a066c8ee9343cf9b64c3c22fec41a,4d5671aad3f615e2ace4989d87c3e4f5291ebc14,pkg:maven/com.fasterxml.jackson.core/jackson-databind@2.9.9,"cpe:2.3:a:fasterxml:jackson-databind:2.9.9:*:*:*:*:*:*:*, cpe:2.3:a:fasterxml:jackson-modules-java8:2.9.9:*:*:*:*:*:*:*",CVE-2019-20330,CWE-502 Deserialization of Untrusted Data,FasterXML jackson-databind 2.x before 2.9.10.2 lacks certain net.sf.ehcache blocking.,NVD,HIGH,7.5,/AV:N/AC:L/Au:N/C:P/I:P/A:P,CRITICAL,9.8,CVSS:3.1/AV:N/AC:L/PR:N/UI:N/S:U/C:H/I:H/A:H,HIGH,15
reqmgr/reqmgr_dev/Dev_812,"Mon, 5 Sep 2022 05:43:36 -0400",datatable-dependencies-1.1.14.jar (shaded: com.fasterxml.jackson.core:jackson-databind:2.9.9),/home/jenkins/agent/workspace/reqmgr/reqmgr_dev/com.ibm.security.access.reqmgr.cucumber/libs/datatable-dependencies-1.1.14.jar/META-INF/maven/com.fasterxml.jackson.core/jackson-databind/pom.xml,General data-binding functionality for Jackson: works on core streaming API,"",5d9a066c8ee9343cf9b64c3c22fec41a,4d5671aad3f615e2ace4989d87c3e4f5291ebc14,pkg:maven/com.fasterxml.jackson.core/jackson-databind@2.9.9,"cpe:2.3:a:fasterxml:jackson-databind:2.9.9:*:*:*:*:*:*:*, cpe:2.3:a:fasterxml:jackson-modules-java8:2.9.9:*:*:*:*:*:*:*",CVE-2020-10672,NVD-CWE-Other,"FasterXML jackson-databind 2.x before 2.9.10.4 mishandles the interaction between serialization gadgets and typing, related to org.apache.aries.transaction.jms.internal.XaPooledConnectionFactory (aka aries.transaction.jms).",NVD,MEDIUM,6.8,/AV:N/AC:M/Au:N/C:P/I:P/A:P,HIGH,8.8,CVSS:3.1/AV:N/AC:L/PR:N/UI:R/S:U/C:H/I:H/A:H,HIGH,15
reqmgr/reqmgr_dev/Dev_812,"Mon, 5 Sep 2022 05:43:36 -0400",datatable-dependencies-1.1.14.jar (shaded: com.fasterxml.jackson.core:jackson-databind:2.9.9),/home/jenkins/agent/workspace/reqmgr/reqmgr_dev/com.ibm.security.access.reqmgr.cucumber/libs/datatable-dependencies-1.1.14.jar/META-INF/maven/com.fasterxml.jackson.core/jackson-databind/pom.xml,General data-binding functionality for Jackson: works on core streaming API,"",5d9a066c8ee9343cf9b64c3c22fec41a,4d5671aad3f615e2ace4989d87c3e4f5291ebc14,pkg:maven/com.fasterxml.jackson.core/jackson-databind@2.9.9,"cpe:2.3:a:fasterxml:jackson-databind:2.9.9:*:*:*:*:*:*:*, cpe:2.3:a:fasterxml:jackson-modules-java8:2.9.9:*:*:*:*:*:*:*",CVE-2020-10673,NVD-CWE-Other,"FasterXML jackson-databind 2.x before 2.9.10.4 mishandles the interaction between serialization gadgets and typing, related to com.caucho.config.types.ResourceRef (aka caucho-quercus).",NVD,MEDIUM,6.8,/AV:N/AC:M/Au:N/C:P/I:P/A:P,HIGH,8.8,CVSS:3.1/AV:N/AC:L/PR:N/UI:R/S:U/C:H/I:H/A:H,HIGH,15
reqmgr/reqmgr_dev/Dev_812,"Mon, 5 Sep 2022 05:43:36 -0400",datatable-dependencies-1.1.14.jar (shaded: com.fasterxml.jackson.core:jackson-databind:2.9.9),/home/jenkins/agent/workspace/reqmgr/reqmgr_dev/com.ibm.security.access.reqmgr.cucumber/libs/datatable-dependencies-1.1.14.jar/META-INF/maven/com.fasterxml.jackson.core/jackson-databind/pom.xml,General data-binding functionality for Jackson: works on core streaming API,"",5d9a066c8ee9343cf9b64c3c22fec41a,4d5671aad3f615e2ace4989d87c3e4f5291ebc14,pkg:maven/com.fasterxml.jackson.core/jackson-databind@2.9.9,"cpe:2.3:a:fasterxml:jackson-databind:2.9.9:*:*:*:*:*:*:*, cpe:2.3:a:fasterxml:jackson-modules-java8:2.9.9:*:*:*:*:*:*:*",CVE-2020-10968,CWE-502 Deserialization of Untrusted Data,"FasterXML jackson-databind 2.x before 2.9.10.4 mishandles the interaction between serialization gadgets and typing, related to org.aoju.bus.proxy.provider.remoting.RmiProvider (aka bus-proxy).",NVD,MEDIUM,6.8,/AV:N/AC:M/Au:N/C:P/I:P/A:P,HIGH,8.8,CVSS:3.1/AV:N/AC:L/PR:N/UI:R/S:U/C:H/I:H/A:H,HIGH,15
reqmgr/reqmgr_dev/Dev_812,"Mon, 5 Sep 2022 05:43:36 -0400",datatable-dependencies-1.1.14.jar (shaded: com.fasterxml.jackson.core:jackson-databind:2.9.9),/home/jenkins/agent/workspace/reqmgr/reqmgr_dev/com.ibm.security.access.reqmgr.cucumber/libs/datatable-dependencies-1.1.14.jar/META-INF/maven/com.fasterxml.jackson.core/jackson-databind/pom.xml,General data-binding functionality for Jackson: works on core streaming API,"",5d9a066c8ee9343cf9b64c3c22fec41a,4d5671aad3f615e2ace4989d87c3e4f5291ebc14,pkg:maven/com.fasterxml.jackson.core/jackson-databind@2.9.9,"cpe:2.3:a:fasterxml:jackson-databind:2.9.9:*:*:*:*:*:*:*, cpe:2.3:a:fasterxml:jackson-modules-java8:2.9.9:*:*:*:*:*:*:*",CVE-2020-10969,CWE-502 Deserialization of Untrusted Data,"FasterXML jackson-databind 2.x before 2.9.10.4 mishandles the interaction between serialization gadgets and typing, related to javax.swing.JEditorPane.",NVD,MEDIUM,6.8,/AV:N/AC:M/Au:N/C:P/I:P/A:P,HIGH,8.8,CVSS:3.1/AV:N/AC:L/PR:N/UI:R/S:U/C:H/I:H/A:H,HIGH,15
reqmgr/reqmgr_dev/Dev_812,"Mon, 5 Sep 2022 05:43:36 -0400",datatable-dependencies-1.1.14.jar (shaded: com.fasterxml.jackson.core:jackson-databind:2.9.9),/home/jenkins/agent/workspace/reqmgr/reqmgr_dev/com.ibm.security.access.reqmgr.cucumber/libs/datatable-dependencies-1.1.14.jar/META-INF/maven/com.fasterxml.jackson.core/jackson-databind/pom.xml,General data-binding functionality for Jackson: works on core streaming API,"",5d9a066c8ee9343cf9b64c3c22fec41a,4d5671aad3f615e2ace4989d87c3e4f5291ebc14,pkg:maven/com.fasterxml.jackson.core/jackson-databind@2.9.9,"cpe:2.3:a:fasterxml:jackson-databind:2.9.9:*:*:*:*:*:*:*, cpe:2.3:a:fasterxml:jackson-modules-java8:2.9.9:*:*:*:*:*:*:*",CVE-2020-11111,CWE-502 Deserialization of Untrusted Data,"FasterXML jackson-databind 2.x before 2.9.10.4 mishandles the interaction between serialization gadgets and typing, related to org.apache.activemq.* (aka activemq-jms, activemq-core, activemq-pool, and activemq-pool-jms).",NVD,MEDIUM,6.8,/AV:N/AC:M/Au:N/C:P/I:P/A:P,HIGH,8.8,CVSS:3.1/AV:N/AC:L/PR:N/UI:R/S:U/C:H/I:H/A:H,HIGH,15
reqmgr/reqmgr_dev/Dev_812,"Mon, 5 Sep 2022 05:43:36 -0400",datatable-dependencies-1.1.14.jar (shaded: com.fasterxml.jackson.core:jackson-databind:2.9.9),/home/jenkins/agent/workspace/reqmgr/reqmgr_dev/com.ibm.security.access.reqmgr.cucumber/libs/datatable-dependencies-1.1.14.jar/META-INF/maven/com.fasterxml.jackson.core/jackson-databind/pom.xml,General data-binding functionality for Jackson: works on core streaming API,"",5d9a066c8ee9343cf9b64c3c22fec41a,4d5671aad3f615e2ace4989d87c3e4f5291ebc14,pkg:maven/com.fasterxml.jackson.core/jackson-databind@2.9.9,"cpe:2.3:a:fasterxml:jackson-databind:2.9.9:*:*:*:*:*:*:*, cpe:2.3:a:fasterxml:jackson-modules-java8:2.9.9:*:*:*:*:*:*:*",CVE-2020-11112,CWE-502 Deserialization of Untrusted Data,"FasterXML jackson-databind 2.x before 2.9.10.4 mishandles the interaction between serialization gadgets and typing, related to org.apache.commons.proxy.provider.remoting.RmiProvider (aka apache/commons-proxy).",NVD,MEDIUM,6.8,/AV:N/AC:M/Au:N/C:P/I:P/A:P,HIGH,8.8,CVSS:3.1/AV:N/AC:L/PR:N/UI:R/S:U/C:H/I:H/A:H,HIGH,15
reqmgr/reqmgr_dev/Dev_812,"Mon, 5 Sep 2022 05:43:36 -0400",datatable-dependencies-1.1.14.jar (shaded: com.fasterxml.jackson.core:jackson-databind:2.9.9),/home/jenkins/agent/workspace/reqmgr/reqmgr_dev/com.ibm.security.access.reqmgr.cucumber/libs/datatable-dependencies-1.1.14.jar/META-INF/maven/com.fasterxml.jackson.core/jackson-databind/pom.xml,General data-binding functionality for Jackson: works on core streaming API,"",5d9a066c8ee9343cf9b64c3c22fec41a,4d5671aad3f615e2ace4989d87c3e4f5291ebc14,pkg:maven/com.fasterxml.jackson.core/jackson-databind@2.9.9,"cpe:2.3:a:fasterxml:jackson-databind:2.9.9:*:*:*:*:*:*:*, cpe:2.3:a:fasterxml:jackson-modules-java8:2.9.9:*:*:*:*:*:*:*",CVE-2020-11113,CWE-502 Deserialization of Untrusted Data,"FasterXML jackson-databind 2.x before 2.9.10.4 mishandles the interaction between serialization gadgets and typing, related to org.apache.openjpa.ee.WASRegistryManagedRuntime (aka openjpa).",NVD,MEDIUM,6.8,/AV:N/AC:M/Au:N/C:P/I:P/A:P,HIGH,8.8,CVSS:3.1/AV:N/AC:L/PR:N/UI:R/S:U/C:H/I:H/A:H,HIGH,15
reqmgr/reqmgr_dev/Dev_812,"Mon, 5 Sep 2022 05:43:36 -0400",datatable-dependencies-1.1.14.jar (shaded: com.fasterxml.jackson.core:jackson-databind:2.9.9),/home/jenkins/agent/workspace/reqmgr/reqmgr_dev/com.ibm.security.access.reqmgr.cucumber/libs/datatable-dependencies-1.1.14.jar/META-INF/maven/com.fasterxml.jackson.core/jackson-databind/pom.xml,General data-binding functionality for Jackson: works on core streaming API,"",5d9a066c8ee9343cf9b64c3c22fec41a,4d5671aad3f615e2ace4989d87c3e4f5291ebc14,pkg:maven/com.fasterxml.jackson.core/jackson-databind@2.9.9,"cpe:2.3:a:fasterxml:jackson-databind:2.9.9:*:*:*:*:*:*:*, cpe:2.3:a:fasterxml:jackson-modules-java8:2.9.9:*:*:*:*:*:*:*",CVE-2020-11619,CWE-502 Deserialization of Untrusted Data,"FasterXML jackson-databind 2.x before 2.9.10.4 mishandles the interaction between serialization gadgets and typing, related to org.springframework.aop.config.MethodLocatingFactoryBean (aka spring-aop).",NVD,MEDIUM,6.8,/AV:N/AC:M/Au:N/C:P/I:P/A:P,HIGH,8.1,CVSS:3.1/AV:N/AC:H/PR:N/UI:N/S:U/C:H/I:H/A:H,HIGH,15
reqmgr/reqmgr_dev/Dev_812,"Mon, 5 Sep 2022 05:43:36 -0400",datatable-dependencies-1.1.14.jar (shaded: com.fasterxml.jackson.core:jackson-databind:2.9.9),/home/jenkins/agent/workspace/reqmgr/reqmgr_dev/com.ibm.security.access.reqmgr.cucumber/libs/datatable-dependencies-1.1.14.jar/META-INF/maven/com.fasterxml.jackson.core/jackson-databind/pom.xml,General data-binding functionality for Jackson: works on core streaming API,"",5d9a066c8ee9343cf9b64c3c22fec41a,4d5671aad3f615e2ace4989d87c3e4f5291ebc14,pkg:maven/com.fasterxml.jackson.core/jackson-databind@2.9.9,"cpe:2.3:a:fasterxml:jackson-databind:2.9.9:*:*:*:*:*:*:*, cpe:2.3:a:fasterxml:jackson-modules-java8:2.9.9:*:*:*:*:*:*:*",CVE-2020-11620,CWE-502 Deserialization of Untrusted Data,"FasterXML jackson-databind 2.x before 2.9.10.4 mishandles the interaction between serialization gadgets and typing, related to org.apache.commons.jelly.impl.Embedded (aka commons-jelly).",NVD,MEDIUM,6.8,/AV:N/AC:M/Au:N/C:P/I:P/A:P,HIGH,8.1,CVSS:3.1/AV:N/AC:H/PR:N/UI:N/S:U/C:H/I:H/A:H,HIGH,15
reqmgr/reqmgr_dev/Dev_812,"Mon, 5 Sep 2022 05:43:36 -0400",datatable-dependencies-1.1.14.jar (shaded: com.fasterxml.jackson.core:jackson-databind:2.9.9),/home/jenkins/agent/workspace/reqmgr/reqmgr_dev/com.ibm.security.access.reqmgr.cucumber/libs/datatable-dependencies-1.1.14.jar/META-INF/maven/com.fasterxml.jackson.core/jackson-databind/pom.xml,General data-binding functionality for Jackson: works on core streaming API,"",5d9a066c8ee9343cf9b64c3c22fec41a,4d5671aad3f615e2ace4989d87c3e4f5291ebc14,pkg:maven/com.fasterxml.jackson.core/jackson-databind@2.9.9,"cpe:2.3:a:fasterxml:jackson-databind:2.9.9:*:*:*:*:*:*:*, cpe:2.3:a:fasterxml:jackson-modules-java8:2.9.9:*:*:*:*:*:*:*",CVE-2020-14060,CWE-502 Deserialization of Untrusted Data,"FasterXML jackson-databind 2.x before 2.9.10.5 mishandles the interaction between serialization gadgets and typing, related to oadd.org.apache.xalan.lib.sql.JNDIConnectionPool (aka apache/drill).",NVD,MEDIUM,6.8,/AV:N/AC:M/Au:N/C:P/I:P/A:P,HIGH,8.1,CVSS:3.1/AV:N/AC:H/PR:N/UI:N/S:U/C:H/I:H/A:H,HIGH,15
reqmgr/reqmgr_dev/Dev_812,"Mon, 5 Sep 2022 05:43:36 -0400",datatable-dependencies-1.1.14.jar (shaded: com.fasterxml.jackson.core:jackson-databind:2.9.9),/home/jenkins/agent/workspace/reqmgr/reqmgr_dev/com.ibm.security.access.reqmgr.cucumber/libs/datatable-dependencies-1.1.14.jar/META-INF/maven/com.fasterxml.jackson.core/jackson-databind/pom.xml,General data-binding functionality for Jackson: works on core streaming API,"",5d9a066c8ee9343cf9b64c3c22fec41a,4d5671aad3f615e2ace4989d87c3e4f5291ebc14,pkg:maven/com.fasterxml.jackson.core/jackson-databind@2.9.9,"cpe:2.3:a:fasterxml:jackson-databind:2.9.9:*:*:*:*:*:*:*, cpe:2.3:a:fasterxml:jackson-modules-java8:2.9.9:*:*:*:*:*:*:*",CVE-2020-14061,CWE-502 Deserialization of Untrusted Data,"FasterXML jackson-databind 2.x before 2.9.10.5 mishandles the interaction between serialization gadgets and typing, related to oracle.jms.AQjmsQueueConnectionFactory, oracle.jms.AQjmsXATopicConnectionFactory, oracle.jms.AQjmsTopicConnectionFactory, oracle.jms.AQjmsXAQueueConnectionFactory, and oracle.jms.AQjmsXAConnectionFactory (aka weblogic/oracle-aqjms).",NVD,MEDIUM,6.8,/AV:N/AC:M/Au:N/C:P/I:P/A:P,HIGH,8.1,CVSS:3.1/AV:N/AC:H/PR:N/UI:N/S:U/C:H/I:H/A:H,HIGH,15
reqmgr/reqmgr_dev/Dev_812,"Mon, 5 Sep 2022 05:43:36 -0400",datatable-dependencies-1.1.14.jar (shaded: com.fasterxml.jackson.core:jackson-databind:2.9.9),/home/jenkins/agent/workspace/reqmgr/reqmgr_dev/com.ibm.security.access.reqmgr.cucumber/libs/datatable-dependencies-1.1.14.jar/META-INF/maven/com.fasterxml.jackson.core/jackson-databind/pom.xml,General data-binding functionality for Jackson: works on core streaming API,"",5d9a066c8ee9343cf9b64c3c22fec41a,4d5671aad3f615e2ace4989d87c3e4f5291ebc14,pkg:maven/com.fasterxml.jackson.core/jackson-databind@2.9.9,"cpe:2.3:a:fasterxml:jackson-databind:2.9.9:*:*:*:*:*:*:*, cpe:2.3:a:fasterxml:jackson-modules-java8:2.9.9:*:*:*:*:*:*:*",CVE-2020-14062,CWE-502 Deserialization of Untrusted Data,"FasterXML jackson-databind 2.x before 2.9.10.5 mishandles the interaction between serialization gadgets and typing, related to com.sun.org.apache.xalan.internal.lib.sql.JNDIConnectionPool (aka xalan2).",NVD,MEDIUM,6.8,/AV:N/AC:M/Au:N/C:P/I:P/A:P,HIGH,8.1,CVSS:3.1/AV:N/AC:H/PR:N/UI:N/S:U/C:H/I:H/A:H,HIGH,15
reqmgr/reqmgr_dev/Dev_812,"Mon, 5 Sep 2022 05:43:36 -0400",datatable-dependencies-1.1.14.jar (shaded: com.fasterxml.jackson.core:jackson-databind:2.9.9),/home/jenkins/agent/workspace/reqmgr/reqmgr_dev/com.ibm.security.access.reqmgr.cucumber/libs/datatable-dependencies-1.1.14.jar/META-INF/maven/com.fasterxml.jackson.core/jackson-databind/pom.xml,General data-binding functionality for Jackson: works on core streaming API,"",5d9a066c8ee9343cf9b64c3c22fec41a,4d5671aad3f615e2ace4989d87c3e4f5291ebc14,pkg:maven/com.fasterxml.jackson.core/jackson-databind@2.9.9,"cpe:2.3:a:fasterxml:jackson-databind:2.9.9:*:*:*:*:*:*:*, cpe:2.3:a:fasterxml:jackson-modules-java8:2.9.9:*:*:*:*:*:*:*",CVE-2020-14195,CWE-502 Deserialization of Untrusted Data,"FasterXML jackson-databind 2.x before 2.9.10.5 mishandles the interaction between serialization gadgets and typing, related to org.jsecurity.realm.jndi.JndiRealmFactory (aka org.jsecurity).",NVD,MEDIUM,6.8,/AV:N/AC:M/Au:N/C:P/I:P/A:P,HIGH,8.1,CVSS:3.1/AV:N/AC:H/PR:N/UI:N/S:U/C:H/I:H/A:H,HIGH,15
reqmgr/reqmgr_dev/Dev_812,"Mon, 5 Sep 2022 05:43:36 -0400",datatable-dependencies-1.1.14.jar (shaded: com.fasterxml.jackson.core:jackson-databind:2.9.9),/home/jenkins/agent/workspace/reqmgr/reqmgr_dev/com.ibm.security.access.reqmgr.cucumber/libs/datatable-dependencies-1.1.14.jar/META-INF/maven/com.fasterxml.jackson.core/jackson-databind/pom.xml,General data-binding functionality for Jackson: works on core streaming API,"",5d9a066c8ee9343cf9b64c3c22fec41a,4d5671aad3f615e2ace4989d87c3e4f5291ebc14,pkg:maven/com.fasterxml.jackson.core/jackson-databind@2.9.9,"cpe:2.3:a:fasterxml:jackson-databind:2.9.9:*:*:*:*:*:*:*, cpe:2.3:a:fasterxml:jackson-modules-java8:2.9.9:*:*:*:*:*:*:*",CVE-2020-24616,CWE-502 Deserialization of Untrusted Data,"FasterXML jackson-databind 2.x before 2.9.10.6 mishandles the interaction between serialization gadgets and typing, related to br.com.anteros.dbcp.AnterosDBCPDataSource (aka Anteros-DBCP).",NVD,MEDIUM,6.8,/AV:N/AC:M/Au:N/C:P/I:P/A:P,HIGH,8.1,CVSS:3.1/AV:N/AC:H/PR:N/UI:N/S:U/C:H/I:H/A:H,HIGH,15
reqmgr/reqmgr_dev/Dev_812,"Mon, 5 Sep 2022 05:43:36 -0400",datatable-dependencies-1.1.14.jar (shaded: com.fasterxml.jackson.core:jackson-databind:2.9.9),/home/jenkins/agent/workspace/reqmgr/reqmgr_dev/com.ibm.security.access.reqmgr.cucumber/libs/datatable-dependencies-1.1.14.jar/META-INF/maven/com.fasterxml.jackson.core/jackson-databind/pom.xml,General data-binding functionality for Jackson: works on core streaming API,"",5d9a066c8ee9343cf9b64c3c22fec41a,4d5671aad3f615e2ace4989d87c3e4f5291ebc14,pkg:maven/com.fasterxml.jackson.core/jackson-databind@2.9.9,"cpe:2.3:a:fasterxml:jackson-databind:2.9.9:*:*:*:*:*:*:*, cpe:2.3:a:fasterxml:jackson-modules-java8:2.9.9:*:*:*:*:*:*:*",CVE-2020-24750,CWE-502 Deserialization of Untrusted Data,"FasterXML jackson-databind 2.x before 2.9.10.6 mishandles the interaction between serialization gadgets and typing, related to com.pastdev.httpcomponents.configuration.JndiConfiguration.",NVD,MEDIUM,6.8,/AV:N/AC:M/Au:N/C:P/I:P/A:P,HIGH,8.1,CVSS:3.1/AV:N/AC:H/PR:N/UI:N/S:U/C:H/I:H/A:H,HIGH,15
reqmgr/reqmgr_dev/Dev_812,"Mon, 5 Sep 2022 05:43:36 -0400",datatable-dependencies-1.1.14.jar (shaded: com.fasterxml.jackson.core:jackson-databind:2.9.9),/home/jenkins/agent/workspace/reqmgr/reqmgr_dev/com.ibm.security.access.reqmgr.cucumber/libs/datatable-dependencies-1.1.14.jar/META-INF/maven/com.fasterxml.jackson.core/jackson-databind/pom.xml,General data-binding functionality for Jackson: works on core streaming API,"",5d9a066c8ee9343cf9b64c3c22fec41a,4d5671aad3f615e2ace4989d87c3e4f5291ebc14,pkg:maven/com.fasterxml.jackson.core/jackson-databind@2.9.9,"cpe:2.3:a:fasterxml:jackson-databind:2.9.9:*:*:*:*:*:*:*, cpe:2.3:a:fasterxml:jackson-modules-java8:2.9.9:*:*:*:*:*:*:*",CVE-2020-25649,CWE-611 Improper Restriction of XML External Entity Reference ('XXE'),"A flaw was found in FasterXML Jackson Databind, where it did not have entity expansion secured properly. This flaw allows vulnerability to XML external entity (XXE) attacks. The highest threat from this vulnerability is data integrity.",NVD,MEDIUM,5.0,/AV:N/AC:L/Au:N/C:N/I:P/A:N,HIGH,7.5,CVSS:3.1/AV:N/AC:L/PR:N/UI:N/S:U/C:N/I:H/A:N,HIGH,15
reqmgr/reqmgr_dev/Dev_812,"Mon, 5 Sep 2022 05:43:36 -0400",datatable-dependencies-1.1.14.jar (shaded: com.fasterxml.jackson.core:jackson-databind:2.9.9),/home/jenkins/agent/workspace/reqmgr/reqmgr_dev/com.ibm.security.access.reqmgr.cucumber/libs/datatable-dependencies-1.1.14.jar/META-INF/maven/com.fasterxml.jackson.core/jackson-databind/pom.xml,General data-binding functionality for Jackson: works on core streaming API,"",5d9a066c8ee9343cf9b64c3c22fec41a,4d5671aad3f615e2ace4989d87c3e4f5291ebc14,pkg:maven/com.fasterxml.jackson.core/jackson-databind@2.9.9,"cpe:2.3:a:fasterxml:jackson-databind:2.9.9:*:*:*:*:*:*:*, cpe:2.3:a:fasterxml:jackson-modules-java8:2.9.9:*:*:*:*:*:*:*",CVE-2020-35490,CWE-502 Deserialization of Untrusted Data,"FasterXML jackson-databind 2.x before 2.9.10.8 mishandles the interaction between serialization gadgets and typing, related to org.apache.commons.dbcp2.datasources.PerUserPoolDataSource.",NVD,MEDIUM,6.8,/AV:N/AC:M/Au:N/C:P/I:P/A:P,HIGH,8.1,CVSS:3.1/AV:N/AC:H/PR:N/UI:N/S:U/C:H/I:H/A:H,HIGH,15
reqmgr/reqmgr_dev/Dev_812,"Mon, 5 Sep 2022 05:43:36 -0400",datatable-dependencies-1.1.14.jar (shaded: com.fasterxml.jackson.core:jackson-databind:2.9.9),/home/jenkins/agent/workspace/reqmgr/reqmgr_dev/com.ibm.security.access.reqmgr.cucumber/libs/datatable-dependencies-1.1.14.jar/META-INF/maven/com.fasterxml.jackson.core/jackson-databind/pom.xml,General data-binding functionality for Jackson: works on core streaming API,"",5d9a066c8ee9343cf9b64c3c22fec41a,4d5671aad3f615e2ace4989d87c3e4f5291ebc14,pkg:maven/com.fasterxml.jackson.core/jackson-databind@2.9.9,"cpe:2.3:a:fasterxml:jackson-databind:2.9.9:*:*:*:*:*:*:*, cpe:2.3:a:fasterxml:jackson-modules-java8:2.9.9:*:*:*:*:*:*:*",CVE-2020-35491,CWE-502 Deserialization of Untrusted Data,"FasterXML jackson-databind 2.x before 2.9.10.8 mishandles the interaction between serialization gadgets and typing, related to org.apache.commons.dbcp2.datasources.SharedPoolDataSource.",NVD,MEDIUM,6.8,/AV:N/AC:M/Au:N/C:P/I:P/A:P,HIGH,8.1,CVSS:3.1/AV:N/AC:H/PR:N/UI:N/S:U/C:H/I:H/A:H,HIGH,15
reqmgr/reqmgr_dev/Dev_812,"Mon, 5 Sep 2022 05:43:36 -0400",datatable-dependencies-1.1.14.jar (shaded: com.fasterxml.jackson.core:jackson-databind:2.9.9),/home/jenkins/agent/workspace/reqmgr/reqmgr_dev/com.ibm.security.access.reqmgr.cucumber/libs/datatable-dependencies-1.1.14.jar/META-INF/maven/com.fasterxml.jackson.core/jackson-databind/pom.xml,General data-binding functionality for Jackson: works on core streaming API,"",5d9a066c8ee9343cf9b64c3c22fec41a,4d5671aad3f615e2ace4989d87c3e4f5291ebc14,pkg:maven/com.fasterxml.jackson.core/jackson-databind@2.9.9,"cpe:2.3:a:fasterxml:jackson-databind:2.9.9:*:*:*:*:*:*:*, cpe:2.3:a:fasterxml:jackson-modules-java8:2.9.9:*:*:*:*:*:*:*",CVE-2020-35728,CWE-502 Deserialization of Untrusted Data,"FasterXML jackson-databind 2.x before 2.9.10.8 mishandles the interaction between serialization gadgets and typing, related to com.oracle.wls.shaded.org.apache.xalan.lib.sql.JNDIConnectionPool (aka embedded Xalan in org.glassfish.web/javax.servlet.jsp.jstl).",NVD,MEDIUM,6.8,/AV:N/AC:M/Au:N/C:P/I:P/A:P,HIGH,8.1,CVSS:3.1/AV:N/AC:H/PR:N/UI:N/S:U/C:H/I:H/A:H,HIGH,15
reqmgr/reqmgr_dev/Dev_812,"Mon, 5 Sep 2022 05:43:36 -0400",datatable-dependencies-1.1.14.jar (shaded: com.fasterxml.jackson.core:jackson-databind:2.9.9),/home/jenkins/agent/workspace/reqmgr/reqmgr_dev/com.ibm.security.access.reqmgr.cucumber/libs/datatable-dependencies-1.1.14.jar/META-INF/maven/com.fasterxml.jackson.core/jackson-databind/pom.xml,General data-binding functionality for Jackson: works on core streaming API,"",5d9a066c8ee9343cf9b64c3c22fec41a,4d5671aad3f615e2ace4989d87c3e4f5291ebc14,pkg:maven/com.fasterxml.jackson.core/jackson-databind@2.9.9,"cpe:2.3:a:fasterxml:jackson-databind:2.9.9:*:*:*:*:*:*:*, cpe:2.3:a:fasterxml:jackson-modules-java8:2.9.9:*:*:*:*:*:*:*",CVE-2020-36179,CWE-502 Deserialization of Untrusted Data,"FasterXML jackson-databind 2.x before 2.9.10.8 mishandles the interaction between serialization gadgets and typing, related to oadd.org.apache.commons.dbcp.cpdsadapter.DriverAdapterCPDS.",NVD,MEDIUM,6.8,/AV:N/AC:M/Au:N/C:P/I:P/A:P,HIGH,8.1,CVSS:3.1/AV:N/AC:H/PR:N/UI:N/S:U/C:H/I:H/A:H,HIGH,15
reqmgr/reqmgr_dev/Dev_812,"Mon, 5 Sep 2022 05:43:36 -0400",datatable-dependencies-1.1.14.jar (shaded: com.fasterxml.jackson.core:jackson-databind:2.9.9),/home/jenkins/agent/workspace/reqmgr/reqmgr_dev/com.ibm.security.access.reqmgr.cucumber/libs/datatable-dependencies-1.1.14.jar/META-INF/maven/com.fasterxml.jackson.core/jackson-databind/pom.xml,General data-binding functionality for Jackson: works on core streaming API,"",5d9a066c8ee9343cf9b64c3c22fec41a,4d5671aad3f615e2ace4989d87c3e4f5291ebc14,pkg:maven/com.fasterxml.jackson.core/jackson-databind@2.9.9,"cpe:2.3:a:fasterxml:jackson-databind:2.9.9:*:*:*:*:*:*:*, cpe:2.3:a:fasterxml:jackson-modules-java8:2.9.9:*:*:*:*:*:*:*",CVE-2020-36180,CWE-502 Deserialization of Untrusted Data,"FasterXML jackson-databind 2.x before 2.9.10.8 mishandles the interaction between serialization gadgets and typing, related to org.apache.commons.dbcp2.cpdsadapter.DriverAdapterCPDS.",NVD,MEDIUM,6.8,/AV:N/AC:M/Au:N/C:P/I:P/A:P,HIGH,8.1,CVSS:3.1/AV:N/AC:H/PR:N/UI:N/S:U/C:H/I:H/A:H,HIGH,15
reqmgr/reqmgr_dev/Dev_812,"Mon, 5 Sep 2022 05:43:36 -0400",datatable-dependencies-1.1.14.jar (shaded: com.fasterxml.jackson.core:jackson-databind:2.9.9),/home/jenkins/agent/workspace/reqmgr/reqmgr_dev/com.ibm.security.access.reqmgr.cucumber/libs/datatable-dependencies-1.1.14.jar/META-INF/maven/com.fasterxml.jackson.core/jackson-databind/pom.xml,General data-binding functionality for Jackson: works on core streaming API,"",5d9a066c8ee9343cf9b64c3c22fec41a,4d5671aad3f615e2ace4989d87c3e4f5291ebc14,pkg:maven/com.fasterxml.jackson.core/jackson-databind@2.9.9,"cpe:2.3:a:fasterxml:jackson-databind:2.9.9:*:*:*:*:*:*:*, cpe:2.3:a:fasterxml:jackson-modules-java8:2.9.9:*:*:*:*:*:*:*",CVE-2020-36181,CWE-502 Deserialization of Untrusted Data,"FasterXML jackson-databind 2.x before 2.9.10.8 mishandles the interaction between serialization gadgets and typing, related to org.apache.tomcat.dbcp.dbcp.cpdsadapter.DriverAdapterCPDS.",NVD,MEDIUM,6.8,/AV:N/AC:M/Au:N/C:P/I:P/A:P,HIGH,8.1,CVSS:3.1/AV:N/AC:H/PR:N/UI:N/S:U/C:H/I:H/A:H,HIGH,15
reqmgr/reqmgr_dev/Dev_812,"Mon, 5 Sep 2022 05:43:36 -0400",datatable-dependencies-1.1.14.jar (shaded: com.fasterxml.jackson.core:jackson-databind:2.9.9),/home/jenkins/agent/workspace/reqmgr/reqmgr_dev/com.ibm.security.access.reqmgr.cucumber/libs/datatable-dependencies-1.1.14.jar/META-INF/maven/com.fasterxml.jackson.core/jackson-databind/pom.xml,General data-binding functionality for Jackson: works on core streaming API,"",5d9a066c8ee9343cf9b64c3c22fec41a,4d5671aad3f615e2ace4989d87c3e4f5291ebc14,pkg:maven/com.fasterxml.jackson.core/jackson-databind@2.9.9,"cpe:2.3:a:fasterxml:jackson-databind:2.9.9:*:*:*:*:*:*:*, cpe:2.3:a:fasterxml:jackson-modules-java8:2.9.9:*:*:*:*:*:*:*",CVE-2020-36182,CWE-502 Deserialization of Untrusted Data,"FasterXML jackson-databind 2.x before 2.9.10.8 mishandles the interaction between serialization gadgets and typing, related to org.apache.tomcat.dbcp.dbcp2.cpdsadapter.DriverAdapterCPDS.",NVD,MEDIUM,6.8,/AV:N/AC:M/Au:N/C:P/I:P/A:P,HIGH,8.1,CVSS:3.1/AV:N/AC:H/PR:N/UI:N/S:U/C:H/I:H/A:H,HIGH,15
reqmgr/reqmgr_dev/Dev_812,"Mon, 5 Sep 2022 05:43:36 -0400",datatable-dependencies-1.1.14.jar (shaded: com.fasterxml.jackson.core:jackson-databind:2.9.9),/home/jenkins/agent/workspace/reqmgr/reqmgr_dev/com.ibm.security.access.reqmgr.cucumber/libs/datatable-dependencies-1.1.14.jar/META-INF/maven/com.fasterxml.jackson.core/jackson-databind/pom.xml,General data-binding functionality for Jackson: works on core streaming API,"",5d9a066c8ee9343cf9b64c3c22fec41a,4d5671aad3f615e2ace4989d87c3e4f5291ebc14,pkg:maven/com.fasterxml.jackson.core/jackson-databind@2.9.9,"cpe:2.3:a:fasterxml:jackson-databind:2.9.9:*:*:*:*:*:*:*, cpe:2.3:a:fasterxml:jackson-modules-java8:2.9.9:*:*:*:*:*:*:*",CVE-2020-36183,CWE-502 Deserialization of Untrusted Data,"FasterXML jackson-databind 2.x before 2.9.10.8 mishandles the interaction between serialization gadgets and typing, related to org.docx4j.org.apache.xalan.lib.sql.JNDIConnectionPool.",NVD,MEDIUM,6.8,/AV:N/AC:M/Au:N/C:P/I:P/A:P,HIGH,8.1,CVSS:3.1/AV:N/AC:H/PR:N/UI:N/S:U/C:H/I:H/A:H,HIGH,15
reqmgr/reqmgr_dev/Dev_812,"Mon, 5 Sep 2022 05:43:36 -0400",datatable-dependencies-1.1.14.jar (shaded: com.fasterxml.jackson.core:jackson-databind:2.9.9),/home/jenkins/agent/workspace/reqmgr/reqmgr_dev/com.ibm.security.access.reqmgr.cucumber/libs/datatable-dependencies-1.1.14.jar/META-INF/maven/com.fasterxml.jackson.core/jackson-databind/pom.xml,General data-binding functionality for Jackson: works on core streaming API,"",5d9a066c8ee9343cf9b64c3c22fec41a,4d5671aad3f615e2ace4989d87c3e4f5291ebc14,pkg:maven/com.fasterxml.jackson.core/jackson-databind@2.9.9,"cpe:2.3:a:fasterxml:jackson-databind:2.9.9:*:*:*:*:*:*:*, cpe:2.3:a:fasterxml:jackson-modules-java8:2.9.9:*:*:*:*:*:*:*",CVE-2020-36184,CWE-502 Deserialization of Untrusted Data,"FasterXML jackson-databind 2.x before 2.9.10.8 mishandles the interaction between serialization gadgets and typing, related to org.apache.tomcat.dbcp.dbcp2.datasources.PerUserPoolDataSource.",NVD,MEDIUM,6.8,/AV:N/AC:M/Au:N/C:P/I:P/A:P,HIGH,8.1,CVSS:3.1/AV:N/AC:H/PR:N/UI:N/S:U/C:H/I:H/A:H,HIGH,15
reqmgr/reqmgr_dev/Dev_812,"Mon, 5 Sep 2022 05:43:36 -0400",datatable-dependencies-1.1.14.jar (shaded: com.fasterxml.jackson.core:jackson-databind:2.9.9),/home/jenkins/agent/workspace/reqmgr/reqmgr_dev/com.ibm.security.access.reqmgr.cucumber/libs/datatable-dependencies-1.1.14.jar/META-INF/maven/com.fasterxml.jackson.core/jackson-databind/pom.xml,General data-binding functionality for Jackson: works on core streaming API,"",5d9a066c8ee9343cf9b64c3c22fec41a,4d5671aad3f615e2ace4989d87c3e4f5291ebc14,pkg:maven/com.fasterxml.jackson.core/jackson-databind@2.9.9,"cpe:2.3:a:fasterxml:jackson-databind:2.9.9:*:*:*:*:*:*:*, cpe:2.3:a:fasterxml:jackson-modules-java8:2.9.9:*:*:*:*:*:*:*",CVE-2020-36185,CWE-502 Deserialization of Untrusted Data,"FasterXML jackson-databind 2.x before 2.9.10.8 mishandles the interaction between serialization gadgets and typing, related to org.apache.tomcat.dbcp.dbcp2.datasources.SharedPoolDataSource.",NVD,MEDIUM,6.8,/AV:N/AC:M/Au:N/C:P/I:P/A:P,HIGH,8.1,CVSS:3.1/AV:N/AC:H/PR:N/UI:N/S:U/C:H/I:H/A:H,HIGH,15
reqmgr/reqmgr_dev/Dev_812,"Mon, 5 Sep 2022 05:43:36 -0400",datatable-dependencies-1.1.14.jar (shaded: com.fasterxml.jackson.core:jackson-databind:2.9.9),/home/jenkins/agent/workspace/reqmgr/reqmgr_dev/com.ibm.security.access.reqmgr.cucumber/libs/datatable-dependencies-1.1.14.jar/META-INF/maven/com.fasterxml.jackson.core/jackson-databind/pom.xml,General data-binding functionality for Jackson: works on core streaming API,"",5d9a066c8ee9343cf9b64c3c22fec41a,4d5671aad3f615e2ace4989d87c3e4f5291ebc14,pkg:maven/com.fasterxml.jackson.core/jackson-databind@2.9.9,"cpe:2.3:a:fasterxml:jackson-databind:2.9.9:*:*:*:*:*:*:*, cpe:2.3:a:fasterxml:jackson-modules-java8:2.9.9:*:*:*:*:*:*:*",CVE-2020-36186,CWE-502 Deserialization of Untrusted Data,"FasterXML jackson-databind 2.x before 2.9.10.8 mishandles the interaction between serialization gadgets and typing, related to org.apache.tomcat.dbcp.dbcp.datasources.PerUserPoolDataSource.",NVD,MEDIUM,6.8,/AV:N/AC:M/Au:N/C:P/I:P/A:P,HIGH,8.1,CVSS:3.1/AV:N/AC:H/PR:N/UI:N/S:U/C:H/I:H/A:H,HIGH,15
reqmgr/reqmgr_dev/Dev_812,"Mon, 5 Sep 2022 05:43:36 -0400",datatable-dependencies-1.1.14.jar (shaded: com.fasterxml.jackson.core:jackson-databind:2.9.9),/home/jenkins/agent/workspace/reqmgr/reqmgr_dev/com.ibm.security.access.reqmgr.cucumber/libs/datatable-dependencies-1.1.14.jar/META-INF/maven/com.fasterxml.jackson.core/jackson-databind/pom.xml,General data-binding functionality for Jackson: works on core streaming API,"",5d9a066c8ee9343cf9b64c3c22fec41a,4d5671aad3f615e2ace4989d87c3e4f5291ebc14,pkg:maven/com.fasterxml.jackson.core/jackson-databind@2.9.9,"cpe:2.3:a:fasterxml:jackson-databind:2.9.9:*:*:*:*:*:*:*, cpe:2.3:a:fasterxml:jackson-modules-java8:2.9.9:*:*:*:*:*:*:*",CVE-2020-36187,CWE-502 Deserialization of Untrusted Data,"FasterXML jackson-databind 2.x before 2.9.10.8 mishandles the interaction between serialization gadgets and typing, related to org.apache.tomcat.dbcp.dbcp.datasources.SharedPoolDataSource.",NVD,MEDIUM,6.8,/AV:N/AC:M/Au:N/C:P/I:P/A:P,HIGH,8.1,CVSS:3.1/AV:N/AC:H/PR:N/UI:N/S:U/C:H/I:H/A:H,HIGH,15
reqmgr/reqmgr_dev/Dev_812,"Mon, 5 Sep 2022 05:43:36 -0400",datatable-dependencies-1.1.14.jar (shaded: com.fasterxml.jackson.core:jackson-databind:2.9.9),/home/jenkins/agent/workspace/reqmgr/reqmgr_dev/com.ibm.security.access.reqmgr.cucumber/libs/datatable-dependencies-1.1.14.jar/META-INF/maven/com.fasterxml.jackson.core/jackson-databind/pom.xml,General data-binding functionality for Jackson: works on core streaming API,"",5d9a066c8ee9343cf9b64c3c22fec41a,4d5671aad3f615e2ace4989d87c3e4f5291ebc14,pkg:maven/com.fasterxml.jackson.core/jackson-databind@2.9.9,"cpe:2.3:a:fasterxml:jackson-databind:2.9.9:*:*:*:*:*:*:*, cpe:2.3:a:fasterxml:jackson-modules-java8:2.9.9:*:*:*:*:*:*:*",CVE-2020-36188,CWE-502 Deserialization of Untrusted Data,"FasterXML jackson-databind 2.x before 2.9.10.8 mishandles the interaction between serialization gadgets and typing, related to com.newrelic.agent.deps.ch.qos.logback.core.db.JNDIConnectionSource.",NVD,MEDIUM,6.8,/AV:N/AC:M/Au:N/C:P/I:P/A:P,HIGH,8.1,CVSS:3.1/AV:N/AC:H/PR:N/UI:N/S:U/C:H/I:H/A:H,HIGH,15
reqmgr/reqmgr_dev/Dev_812,"Mon, 5 Sep 2022 05:43:36 -0400",datatable-dependencies-1.1.14.jar (shaded: com.fasterxml.jackson.core:jackson-databind:2.9.9),/home/jenkins/agent/workspace/reqmgr/reqmgr_dev/com.ibm.security.access.reqmgr.cucumber/libs/datatable-dependencies-1.1.14.jar/META-INF/maven/com.fasterxml.jackson.core/jackson-databind/pom.xml,General data-binding functionality for Jackson: works on core streaming API,"",5d9a066c8ee9343cf9b64c3c22fec41a,4d5671aad3f615e2ace4989d87c3e4f5291ebc14,pkg:maven/com.fasterxml.jackson.core/jackson-databind@2.9.9,"cpe:2.3:a:fasterxml:jackson-databind:2.9.9:*:*:*:*:*:*:*, cpe:2.3:a:fasterxml:jackson-modules-java8:2.9.9:*:*:*:*:*:*:*",CVE-2020-36189,CWE-502 Deserialization of Untrusted Data,"FasterXML jackson-databind 2.x before 2.9.10.8 mishandles the interaction between serialization gadgets and typing, related to com.newrelic.agent.deps.ch.qos.logback.core.db.DriverManagerConnectionSource.",NVD,MEDIUM,6.8,/AV:N/AC:M/Au:N/C:P/I:P/A:P,HIGH,8.1,CVSS:3.1/AV:N/AC:H/PR:N/UI:N/S:U/C:H/I:H/A:H,HIGH,15
reqmgr/reqmgr_dev/Dev_812,"Mon, 5 Sep 2022 05:43:36 -0400",datatable-dependencies-1.1.14.jar (shaded: com.fasterxml.jackson.core:jackson-databind:2.9.9),/home/jenkins/agent/workspace/reqmgr/reqmgr_dev/com.ibm.security.access.reqmgr.cucumber/libs/datatable-dependencies-1.1.14.jar/META-INF/maven/com.fasterxml.jackson.core/jackson-databind/pom.xml,General data-binding functionality for Jackson: works on core streaming API,"",5d9a066c8ee9343cf9b64c3c22fec41a,4d5671aad3f615e2ace4989d87c3e4f5291ebc14,pkg:maven/com.fasterxml.jackson.core/jackson-databind@2.9.9,"cpe:2.3:a:fasterxml:jackson-databind:2.9.9:*:*:*:*:*:*:*, cpe:2.3:a:fasterxml:jackson-modules-java8:2.9.9:*:*:*:*:*:*:*",CVE-2020-36518,CWE-787 Out-of-bounds Write,jackson-databind before 2.13.0 allows a Java StackOverflow exception and denial of service via a large depth of nested objects.,NVD,MEDIUM,5.0,/AV:N/AC:L/Au:N/C:N/I:N/A:P,HIGH,7.5,CVSS:3.1/AV:N/AC:L/PR:N/UI:N/S:U/C:N/I:N/A:H,HIGH,15
reqmgr/reqmgr_dev/Dev_812,"Mon, 5 Sep 2022 05:43:36 -0400",datatable-dependencies-1.1.14.jar (shaded: com.fasterxml.jackson.core:jackson-databind:2.9.9),/home/jenkins/agent/workspace/reqmgr/reqmgr_dev/com.ibm.security.access.reqmgr.cucumber/libs/datatable-dependencies-1.1.14.jar/META-INF/maven/com.fasterxml.jackson.core/jackson-databind/pom.xml,General data-binding functionality for Jackson: works on core streaming API,"",5d9a066c8ee9343cf9b64c3c22fec41a,4d5671aad3f615e2ace4989d87c3e4f5291ebc14,pkg:maven/com.fasterxml.jackson.core/jackson-databind@2.9.9,"cpe:2.3:a:fasterxml:jackson-databind:2.9.9:*:*:*:*:*:*:*, cpe:2.3:a:fasterxml:jackson-modules-java8:2.9.9:*:*:*:*:*:*:*",CVE-2020-8840,CWE-502 Deserialization of Untrusted Data,"FasterXML jackson-databind 2.0.0 through 2.9.10.2 lacks certain xbean-reflect/JNDI blocking, as demonstrated by org.apache.xbean.propertyeditor.JndiConverter.",NVD,HIGH,7.5,/AV:N/AC:L/Au:N/C:P/I:P/A:P,CRITICAL,9.8,CVSS:3.1/AV:N/AC:L/PR:N/UI:N/S:U/C:H/I:H/A:H,HIGH,15
reqmgr/reqmgr_dev/Dev_812,"Mon, 5 Sep 2022 05:43:36 -0400",datatable-dependencies-1.1.14.jar (shaded: com.fasterxml.jackson.core:jackson-databind:2.9.9),/home/jenkins/agent/workspace/reqmgr/reqmgr_dev/com.ibm.security.access.reqmgr.cucumber/libs/datatable-dependencies-1.1.14.jar/META-INF/maven/com.fasterxml.jackson.core/jackson-databind/pom.xml,General data-binding functionality for Jackson: works on core streaming API,"",5d9a066c8ee9343cf9b64c3c22fec41a,4d5671aad3f615e2ace4989d87c3e4f5291ebc14,pkg:maven/com.fasterxml.jackson.core/jackson-databind@2.9.9,"cpe:2.3:a:fasterxml:jackson-databind:2.9.9:*:*:*:*:*:*:*, cpe:2.3:a:fasterxml:jackson-modules-java8:2.9.9:*:*:*:*:*:*:*",CVE-2020-9546,CWE-502 Deserialization of Untrusted Data,"FasterXML jackson-databind 2.x before 2.9.10.4 mishandles the interaction between serialization gadgets and typing, related to org.apache.hadoop.shaded.com.zaxxer.hikari.HikariConfig (aka shaded hikari-config).",NVD,MEDIUM,6.8,/AV:N/AC:M/Au:N/C:P/I:P/A:P,CRITICAL,9.8,CVSS:3.1/AV:N/AC:L/PR:N/UI:N/S:U/C:H/I:H/A:H,HIGH,15
reqmgr/reqmgr_dev/Dev_812,"Mon, 5 Sep 2022 05:43:36 -0400",datatable-dependencies-1.1.14.jar (shaded: com.fasterxml.jackson.core:jackson-databind:2.9.9),/home/jenkins/agent/workspace/reqmgr/reqmgr_dev/com.ibm.security.access.reqmgr.cucumber/libs/datatable-dependencies-1.1.14.jar/META-INF/maven/com.fasterxml.jackson.core/jackson-databind/pom.xml,General data-binding functionality for Jackson: works on core streaming API,"",5d9a066c8ee9343cf9b64c3c22fec41a,4d5671aad3f615e2ace4989d87c3e4f5291ebc14,pkg:maven/com.fasterxml.jackson.core/jackson-databind@2.9.9,"cpe:2.3:a:fasterxml:jackson-databind:2.9.9:*:*:*:*:*:*:*, cpe:2.3:a:fasterxml:jackson-modules-java8:2.9.9:*:*:*:*:*:*:*",CVE-2020-9547,CWE-502 Deserialization of Untrusted Data,"FasterXML jackson-databind 2.x before 2.9.10.4 mishandles the interaction between serialization gadgets and typing, related to com.ibatis.sqlmap.engine.transaction.jta.JtaTransactionConfig (aka ibatis-sqlmap).",NVD,MEDIUM,6.8,/AV:N/AC:M/Au:N/C:P/I:P/A:P,CRITICAL,9.8,CVSS:3.1/AV:N/AC:L/PR:N/UI:N/S:U/C:H/I:H/A:H,HIGH,15
reqmgr/reqmgr_dev/Dev_812,"Mon, 5 Sep 2022 05:43:36 -0400",datatable-dependencies-1.1.14.jar (shaded: com.fasterxml.jackson.core:jackson-databind:2.9.9),/home/jenkins/agent/workspace/reqmgr/reqmgr_dev/com.ibm.security.access.reqmgr.cucumber/libs/datatable-dependencies-1.1.14.jar/META-INF/maven/com.fasterxml.jackson.core/jackson-databind/pom.xml,General data-binding functionality for Jackson: works on core streaming API,"",5d9a066c8ee9343cf9b64c3c22fec41a,4d5671aad3f615e2ace4989d87c3e4f5291ebc14,pkg:maven/com.fasterxml.jackson.core/jackson-databind@2.9.9,"cpe:2.3:a:fasterxml:jackson-databind:2.9.9:*:*:*:*:*:*:*, cpe:2.3:a:fasterxml:jackson-modules-java8:2.9.9:*:*:*:*:*:*:*",CVE-2020-9548,CWE-502 Deserialization of Untrusted Data,"FasterXML jackson-databind 2.x before 2.9.10.4 mishandles the interaction between serialization gadgets and typing, related to br.com.anteros.dbcp.AnterosDBCPConfig (aka anteros-core).",NVD,MEDIUM,6.8,/AV:N/AC:M/Au:N/C:P/I:P/A:P,CRITICAL,9.8,CVSS:3.1/AV:N/AC:L/PR:N/UI:N/S:U/C:H/I:H/A:H,HIGH,15
reqmgr/reqmgr_dev/Dev_812,"Mon, 5 Sep 2022 05:43:36 -0400",datatable-dependencies-1.1.14.jar (shaded: com.fasterxml.jackson.core:jackson-databind:2.9.9),/home/jenkins/agent/workspace/reqmgr/reqmgr_dev/com.ibm.security.access.reqmgr.cucumber/libs/datatable-dependencies-1.1.14.jar/META-INF/maven/com.fasterxml.jackson.core/jackson-databind/pom.xml,General data-binding functionality for Jackson: works on core streaming API,"",5d9a066c8ee9343cf9b64c3c22fec41a,4d5671aad3f615e2ace4989d87c3e4f5291ebc14,pkg:maven/com.fasterxml.jackson.core/jackson-databind@2.9.9,"cpe:2.3:a:fasterxml:jackson-databind:2.9.9:*:*:*:*:*:*:*, cpe:2.3:a:fasterxml:jackson-modules-java8:2.9.9:*:*:*:*:*:*:*",CVE-2021-20190,CWE-502 Deserialization of Untrusted Data,A flaw was found in jackson-databind before 2.9.10.7. FasterXML mishandles the interaction between serialization gadgets and typing. The highest threat from this vulnerability is to data confidentiality and integrity as well as system availability.,NVD,HIGH,8.3,/AV:N/AC:M/Au:N/C:P/I:P/A:C,HIGH,8.1,CVSS:3.1/AV:N/AC:H/PR:N/UI:N/S:U/C:H/I:H/A:H,HIGH,15
reqmgr/reqmgr_dev/Dev_812,"Mon, 5 Sep 2022 05:43:36 -0400",fluent-hc-4.5.2.jar,/home/jenkins/agent/workspace/reqmgr/reqmgr_dev/com.ibm.security.access.reqmgr.cucumber/libs/fluent-hc-4.5.2.jar,Apache HttpComponents Client fluent API,"",cf1dabb4e28eb4bef54a3dfd268a9e19,7bfdfa49de6d720ad3c8cedb6a5238eec564dfed,pkg:maven/org.apache.httpcomponents/fluent-hc@4.5.2,cpe:2.3:a:apache:httpclient:4.5.2:*:*:*:*:*:*:*,CVE-2020-13956,NVD-CWE-noinfo,Apache HttpClient versions prior to version 4.5.13 and 5.0.3 can misinterpret malformed authority component in request URIs passed to the library as java.net.URI object and pick the wrong target host for request execution.,NVD,MEDIUM,5.0,/AV:N/AC:L/Au:N/C:N/I:P/A:N,MEDIUM,5.3,CVSS:3.1/AV:N/AC:L/PR:N/UI:N/S:U/C:N/I:L/A:N,HIGH,33
reqmgr/reqmgr_dev/Dev_812,"Mon, 5 Sep 2022 05:43:36 -0400",gradle-wrapper.jar,/home/jenkins/agent/workspace/reqmgr/reqmgr_dev/gradle/wrapper/gradle-wrapper.jar,"","",451e0b3037c608b724985f74784e7bb7,636cf935a0fd1451657a4112974b3500cce3ab84,"",cpe:2.3:a:gradle:gradle:4.6:*:*:*:*:*:*:*,CVE-2019-11065,NVD-CWE-noinfo,Gradle versions from 1.4 to 5.3.1 use an insecure HTTP URL to download dependencies when the built-in JavaScript or CoffeeScript Gradle plugins are used. Dependency artifacts could have been maliciously compromised by a MITM attack against the ajax.googleapis.com web site.,NVD,MEDIUM,4.3,/AV:N/AC:M/Au:N/C:P/I:N/A:N,MEDIUM,5.9,CVSS:3.0/AV:N/AC:H/PR:N/UI:N/S:U/C:H/I:N/A:N,"",8
reqmgr/reqmgr_dev/Dev_812,"Mon, 5 Sep 2022 05:43:36 -0400",gradle-wrapper.jar,/home/jenkins/agent/workspace/reqmgr/reqmgr_dev/gradle/wrapper/gradle-wrapper.jar,"","",451e0b3037c608b724985f74784e7bb7,636cf935a0fd1451657a4112974b3500cce3ab84,"",cpe:2.3:a:gradle:gradle:4.6:*:*:*:*:*:*:*,CVE-2019-15052,CWE-522 Insufficiently Protected Credentials,"The HTTP client in Gradle before 5.6 sends authentication credentials originally destined for the configured host. If that host returns a 30x redirect, Gradle also sends those credentials to all subsequent hosts that the request redirects to. This is similar to CVE-2018-1000007.",NVD,MEDIUM,5.0,/AV:N/AC:L/Au:N/C:P/I:N/A:N,CRITICAL,9.8,CVSS:3.0/AV:N/AC:L/PR:N/UI:N/S:U/C:H/I:H/A:H,"",8
reqmgr/reqmgr_dev/Dev_812,"Mon, 5 Sep 2022 05:43:36 -0400",gradle-wrapper.jar,/home/jenkins/agent/workspace/reqmgr/reqmgr_dev/gradle/wrapper/gradle-wrapper.jar,"","",451e0b3037c608b724985f74784e7bb7,636cf935a0fd1451657a4112974b3500cce3ab84,"",cpe:2.3:a:gradle:gradle:4.6:*:*:*:*:*:*:*,CVE-2019-16370,CWE-327 Use of a Broken or Risky Cryptographic Algorithm,"The PGP signing plugin in Gradle before 6.0 relies on the SHA-1 algorithm, which might allow an attacker to replace an artifact with a different one that has the same SHA-1 message digest, a related issue to CVE-2005-4900.",NVD,MEDIUM,4.3,/AV:N/AC:M/Au:N/C:N/I:P/A:N,MEDIUM,5.9,CVSS:3.1/AV:N/AC:H/PR:N/UI:N/S:U/C:N/I:H/A:N,"",8
reqmgr/reqmgr_dev/Dev_812,"Mon, 5 Sep 2022 05:43:36 -0400",gradle-wrapper.jar,/home/jenkins/agent/workspace/reqmgr/reqmgr_dev/gradle/wrapper/gradle-wrapper.jar,"","",451e0b3037c608b724985f74784e7bb7,636cf935a0fd1451657a4112974b3500cce3ab84,"",cpe:2.3:a:gradle:gradle:4.6:*:*:*:*:*:*:*,CVE-2020-11979,NVD-CWE-Other,"As mitigation for CVE-2020-1945 Apache Ant 1.10.8 changed the permissions of temporary files it created so that only the current user was allowed to access them. Unfortunately the fixcrlf task deleted the temporary file and created a new one without said protection, effectively nullifying the effort. This would still allow an attacker to inject modified source files into the build process.",NVD,MEDIUM,5.0,/AV:N/AC:L/Au:N/C:N/I:P/A:N,HIGH,7.5,CVSS:3.1/AV:N/AC:L/PR:N/UI:N/S:U/C:N/I:H/A:N,"",8
reqmgr/reqmgr_dev/Dev_812,"Mon, 5 Sep 2022 05:43:36 -0400",gradle-wrapper.jar,/home/jenkins/agent/workspace/reqmgr/reqmgr_dev/gradle/wrapper/gradle-wrapper.jar,"","",451e0b3037c608b724985f74784e7bb7,636cf935a0fd1451657a4112974b3500cce3ab84,"",cpe:2.3:a:gradle:gradle:4.6:*:*:*:*:*:*:*,CVE-2021-29428,"CWE-378 Creation of Temporary File With Insecure Permissions, CWE-379 Creation of Temporary File in Directory with Incorrect Permissions","In Gradle before version 7.0, on Unix-like systems, the system temporary directory can be created with open permissions that allow multiple users to create and delete files within it. Gradle builds could be vulnerable to a local privilege escalation from an attacker quickly deleting and recreating files in the system temporary directory. This vulnerability impacted builds using precompiled script plugins written in Kotlin DSL and tests for Gradle plugins written using ProjectBuilder or TestKit. If you are on Windows or modern versions of macOS, you are not vulnerable. If you are on a Unix-like operating system with the ""sticky"" bit set on your system temporary directory, you are not vulnerable. The problem has been patched and released with Gradle 7.0. As a workaround, on Unix-like operating systems, ensure that the ""sticky"" bit is set. This only allows the original user (or root) to delete a file. If you are unable to change the permissions of the system temporary directory, you can move the Java temporary directory by setting the System Property `java.io.tmpdir`. The new path needs to limit permissions to the build user only. For additional details refer to the referenced GitHub Security Advisory.",NVD,MEDIUM,4.4,/AV:L/AC:M/Au:N/C:P/I:P/A:P,HIGH,7.8,CVSS:3.1/AV:L/AC:L/PR:L/UI:N/S:U/C:H/I:H/A:H,"",8
reqmgr/reqmgr_dev/Dev_812,"Mon, 5 Sep 2022 05:43:36 -0400",gradle-wrapper.jar,/home/jenkins/agent/workspace/reqmgr/reqmgr_dev/gradle/wrapper/gradle-wrapper.jar,"","",451e0b3037c608b724985f74784e7bb7,636cf935a0fd1451657a4112974b3500cce3ab84,"",cpe:2.3:a:gradle:gradle:4.6:*:*:*:*:*:*:*,CVE-2021-29429,CWE-377 Insecure Temporary File,"In Gradle before version 7.0, files created with open permissions in the system temporary directory can allow an attacker to access information downloaded by Gradle. Some builds could be vulnerable to a local information disclosure. Remote files accessed through TextResourceFactory are downloaded into the system temporary directory first. Sensitive information contained in these files can be exposed to other local users on the same system. If you do not use the `TextResourceFactory` API, you are not vulnerable. As of Gradle 7.0, uses of the system temporary directory have been moved to the Gradle User Home directory. By default, this directory is restricted to the user running the build. As a workaround, set a more restrictive umask that removes read access to other users. When files are created in the system temporary directory, they will not be accessible to other users. If you are unable to change your system's umask, you can move the Java temporary directory by setting the System Property `java.io.tmpdir`. The new path needs to limit permissions to the build user only.",NVD,LOW,1.9,/AV:L/AC:M/Au:N/C:P/I:N/A:N,MEDIUM,5.5,CVSS:3.1/AV:L/AC:L/PR:L/UI:N/S:U/C:H/I:N/A:N,"",8
reqmgr/reqmgr_dev/Dev_812,"Mon, 5 Sep 2022 05:43:36 -0400",gradle-wrapper.jar,/home/jenkins/agent/workspace/reqmgr/reqmgr_dev/gradle/wrapper/gradle-wrapper.jar,"","",451e0b3037c608b724985f74784e7bb7,636cf935a0fd1451657a4112974b3500cce3ab84,"",cpe:2.3:a:gradle:gradle:4.6:*:*:*:*:*:*:*,CVE-2021-32751,CWE-78 Improper Neutralization of Special Elements used in an OS Command ('OS Command Injection'),"Gradle is a build tool with a focus on build automation. In versions prior to 7.2, start scripts generated by the `application` plugin and the `gradlew` script are both vulnerable to arbitrary code execution when an attacker is able to change environment variables for the user running the script. This may impact those who use `gradlew` on Unix-like systems or use the scripts generated by Gradle in thieir application on Unix-like systems. For this vulnerability to be exploitable, an attacker needs to be able to set the value of particular environment variables and have those environment variables be seen by the vulnerable scripts. This issue has been patched in Gradle 7.2 by removing the use of `eval` and requiring the use of the `bash` shell. There are a few workarounds available. For CI/CD systems using the Gradle build tool, one may ensure that untrusted users are unable to change environment variables for the user that executes `gradlew`. If one is unable to upgrade to Gradle 7.2, one may generate a new `gradlew` script with Gradle 7.2 and use it for older versions of Gradle. Fpplications using start scripts generated by Gradle, one may ensure that untrusted users are unable to change environment variables for the user that executes the start script. A vulnerable start script could be manually patched to remove the use of `eval` or the use of environment variables that affect the application's command-line. If the application is simple enough, one may be able to avoid the use of the start scripts by running the application directly with Java command.",NVD,HIGH,8.5,/AV:N/AC:M/Au:S/C:C/I:C/A:C,HIGH,7.5,CVSS:3.1/AV:N/AC:H/PR:L/UI:N/S:U/C:H/I:H/A:H,"",8
reqmgr/reqmgr_dev/Dev_812,"Mon, 5 Sep 2022 05:43:36 -0400",groovy-2.4.15.jar,/home/jenkins/agent/workspace/reqmgr/reqmgr_dev/com.ibm.security.access.reqmgr.cucumber/libs/groovy-2.4.15.jar,"Groovy: A powerful, dynamic language for the JVM","The Apache Software License, Version 2.0: http://www.apache.org/licenses/LICENSE-2.0.txt",820e79e7cf9b9b0e7d49357be03ab8fd,74b7e0b99526c569e3a59cb84dbcc6204d601ee6,pkg:maven/org.codehaus.groovy/groovy@2.4.15,cpe:2.3:a:apache:groovy:2.4.15:*:*:*:*:*:*:*,CVE-2020-17521,NVD-CWE-Other,"Apache Groovy provides extension methods to aid with creating temporary directories. Prior to this fix, Groovy's implementation of those extension methods was using a now superseded Java JDK method call that is potentially not secure on some operating systems in some contexts. Users not using the extension methods mentioned in the advisory are not affected, but may wish to read the advisory for further details. Versions Affected: 2.0 to 2.4.20, 2.5.0 to 2.5.13, 3.0.0 to 3.0.6, and 4.0.0-alpha-1. Fixed in versions 2.4.21, 2.5.14, 3.0.7, 4.0.0-alpha-2.",NVD,LOW,2.1,/AV:L/AC:L/Au:N/C:P/I:N/A:N,MEDIUM,5.5,CVSS:3.1/AV:L/AC:L/PR:L/UI:N/S:U/C:H/I:N/A:N,HIGH,44
reqmgr/reqmgr_dev/Dev_812,"Mon, 5 Sep 2022 05:43:36 -0400",groovy-xml-2.4.15.jar,/home/jenkins/agent/workspace/reqmgr/reqmgr_dev/com.ibm.security.access.reqmgr.cucumber/libs/groovy-xml-2.4.15.jar,"Groovy: A powerful, dynamic language for the JVM","The Apache Software License, Version 2.0: http://www.apache.org/licenses/LICENSE-2.0.txt",8c2aee7254a7574903570d437d22c25c,40865f59469e6b0808c9c304bd17038997220c72,pkg:maven/org.codehaus.groovy/groovy-xml@2.4.15,cpe:2.3:a:apache:groovy:2.4.15:*:*:*:*:*:*:*,CVE-2020-17521,NVD-CWE-Other,"Apache Groovy provides extension methods to aid with creating temporary directories. Prior to this fix, Groovy's implementation of those extension methods was using a now superseded Java JDK method call that is potentially not secure on some operating systems in some contexts. Users not using the extension methods mentioned in the advisory are not affected, but may wish to read the advisory for further details. Versions Affected: 2.0 to 2.4.20, 2.5.0 to 2.5.13, 3.0.0 to 3.0.6, and 4.0.0-alpha-1. Fixed in versions 2.4.21, 2.5.14, 3.0.7, 4.0.0-alpha-2.",NVD,LOW,2.1,/AV:L/AC:L/Au:N/C:P/I:N/A:N,MEDIUM,5.5,CVSS:3.1/AV:L/AC:L/PR:L/UI:N/S:U/C:H/I:N/A:N,HIGH,40
reqmgr/reqmgr_dev/Dev_812,"Mon, 5 Sep 2022 05:43:36 -0400",jsoup-1.15.2.jar,/home/jenkins/agent/workspace/reqmgr/reqmgr_dev/com.ibm.security.access.reqmgr.cucumber/libs/jsoup-1.15.2.jar,"jsoup is a Java library for working with real-world HTML. It provides a very convenient API for fetching URLs and extracting and manipulating data, using the best of HTML5 DOM methods and CSS selectors. jsoup implements the WHATWG HTML5 specification, and parses HTML to the same DOM as modern browsers do.",The MIT License: https://jsoup.org/license,532376320645f9da5b6639d4a18f5f45,24a563627d7f7b6717aba80c36bc9752b0d3f6e2,pkg:maven/org.jsoup/jsoup@1.15.2,cpe:2.3:a:jsoup:jsoup:1.15.2:*:*:*:*:*:*:*,CVE-2022-36033,"CWE-79 Improper Neutralization of Input During Web Page Generation ('Cross-site Scripting'), CWE-87 Improper Neutralization of Alternate XSS Syntax","jsoup is a Java HTML parser, built for HTML editing, cleaning, scraping, and cross-site scripting (XSS) safety. jsoup may incorrectly sanitize HTML including `javascript:` URL expressions, which could allow XSS attacks when a reader subsequently clicks that link. If the non-default `SafeList.preserveRelativeLinks` option is enabled, HTML including `javascript:` URLs that have been crafted with control characters will not be sanitized. If the site that this HTML is published on does not set a Content Security Policy, an XSS attack is then possible. This issue is patched in jsoup 1.15.3. Users should upgrade to this version. Additionally, as the unsanitized input may have been persisted, old content should be cleaned again using the updated version. To remediate this issue without immediately upgrading: - disable `SafeList.preserveRelativeLinks`, which will rewrite input URLs as absolute URLs - ensure an appropriate [Content Security Policy](https://developer.mozilla.org/en-US/docs/Web/HTTP/CSP) is defined. (This should be used regardless of upgrading, as a defence-in-depth best practice.)",NVD,"","","",MEDIUM,6.1,CVSS:3.1/AV:N/AC:L/PR:N/UI:R/S:C/C:L/I:L/A:N,HIGH,34
reqmgr/reqmgr_dev/Dev_812,"Mon, 5 Sep 2022 05:43:36 -0400",junit-4.12.jar,/home/jenkins/agent/workspace/reqmgr/reqmgr_dev/com.ibm.security.access.reqmgr.cucumber/libs/junit-4.12.jar,"JUnit is a unit testing framework for Java, created by Erich Gamma and Kent Beck.",Eclipse Public License 1.0: http://www.eclipse.org/legal/epl-v10.html,5b38c40c97fbd0adee29f91e60405584,2973d150c0dc1fefe998f834810d68f278ea58ec,pkg:maven/junit/junit@4.12,cpe:2.3:a:junit:junit4:4.12:*:*:*:*:*:*:*,CVE-2020-15250,CWE-732 Incorrect Permission Assignment for Critical Resource,"In JUnit4 from version 4.7 and before 4.13.1, the test rule TemporaryFolder contains a local information disclosure vulnerability. On Unix like systems, the system's temporary directory is shared between all users on that system. Because of this, when files and directories are written into this directory they are, by default, readable by other users on that same system. This vulnerability does not allow other users to overwrite the contents of these directories or files. This is purely an information disclosure vulnerability. This vulnerability impacts you if the JUnit tests write sensitive information, like API keys or passwords, into the temporary folder, and the JUnit tests execute in an environment where the OS has other untrusted users. Because certain JDK file system APIs were only added in JDK 1.7, this this fix is dependent upon the version of the JDK you are using. For Java 1.7 and higher users: this vulnerability is fixed in 4.13.1. For Java 1.6 and lower users: no patch is available, you must use the workaround below. If you are unable to patch, or are stuck running on Java 1.6, specifying the `java.io.tmpdir` system environment variable to a directory that is exclusively owned by the executing user will fix this vulnerability. For more information, including an example of vulnerable code, see the referenced GitHub Security Advisory.",NVD,LOW,1.9,/AV:L/AC:M/Au:N/C:P/I:N/A:N,MEDIUM,5.5,CVSS:3.1/AV:L/AC:L/PR:N/UI:R/S:U/C:H/I:N/A:N,HIGH,26
reqmgr/reqmgr_dev/Dev_812,"Mon, 5 Sep 2022 05:43:36 -0400",log4j-core-2.14.1.jar,/home/jenkins/agent/workspace/reqmgr/reqmgr_dev/com.ibm.security.access.reqmgr.cucumber/libs/log4j-core-2.14.1.jar,The Apache Log4j Implementation,https://www.apache.org/licenses/LICENSE-2.0.txt,3570d00d9ceb3ca645d6927f15c03a62,c476bd8acb6e7e55f14195a88fa8802687fcf542,pkg:maven/org.apache.logging.log4j/log4j-core@2.14.1,cpe:2.3:a:apache:log4j:2.14.1:*:*:*:*:*:*:*,CVE-2021-44228,CWE-917 Improper Neutralization of Special Elements used in an Expression Language Statement ('Expression Language Injection'),"Apache Log4j2 2.0-beta9 through 2.15.0 (excluding security releases 2.12.2, 2.12.3, and 2.3.1) JNDI features used in configuration, log messages, and parameters do not protect against attacker controlled LDAP and other JNDI related endpoints. An attacker who can control log messages or log message parameters can execute arbitrary code loaded from LDAP servers when message lookup substitution is enabled. From log4j 2.15.0, this behavior has been disabled by default. From version 2.16.0 (along with 2.12.2, 2.12.3, and 2.3.1), this functionality has been completely removed. Note that this vulnerability is specific to log4j-core and does not affect log4net, log4cxx, or other Apache Logging Services projects.",NVD,HIGH,9.3,/AV:N/AC:M/Au:N/C:C/I:C/A:C,CRITICAL,10.0,CVSS:3.1/AV:N/AC:L/PR:N/UI:N/S:C/C:H/I:H/A:H,HIGH,49
reqmgr/reqmgr_dev/Dev_812,"Mon, 5 Sep 2022 05:43:36 -0400",log4j-core-2.14.1.jar,/home/jenkins/agent/workspace/reqmgr/reqmgr_dev/com.ibm.security.access.reqmgr.cucumber/libs/log4j-core-2.14.1.jar,The Apache Log4j Implementation,https://www.apache.org/licenses/LICENSE-2.0.txt,3570d00d9ceb3ca645d6927f15c03a62,c476bd8acb6e7e55f14195a88fa8802687fcf542,pkg:maven/org.apache.logging.log4j/log4j-core@2.14.1,cpe:2.3:a:apache:log4j:2.14.1:*:*:*:*:*:*:*,CVE-2021-44832,CWE-20 Improper Input Validation,"Apache Log4j2 versions 2.0-beta7 through 2.17.0 (excluding security fix releases 2.3.2 and 2.12.4) are vulnerable to a remote code execution (RCE) attack when a configuration uses a JDBC Appender with a JNDI LDAP data source URI when an attacker has control of the target LDAP server. This issue is fixed by limiting JNDI data source names to the java protocol in Log4j2 versions 2.17.1, 2.12.4, and 2.3.2.",NVD,HIGH,8.5,/AV:N/AC:M/Au:S/C:C/I:C/A:C,MEDIUM,6.6,CVSS:3.1/AV:N/AC:H/PR:H/UI:N/S:U/C:H/I:H/A:H,HIGH,49
reqmgr/reqmgr_dev/Dev_812,"Mon, 5 Sep 2022 05:43:36 -0400",log4j-core-2.14.1.jar,/home/jenkins/agent/workspace/reqmgr/reqmgr_dev/com.ibm.security.access.reqmgr.cucumber/libs/log4j-core-2.14.1.jar,The Apache Log4j Implementation,https://www.apache.org/licenses/LICENSE-2.0.txt,3570d00d9ceb3ca645d6927f15c03a62,c476bd8acb6e7e55f14195a88fa8802687fcf542,pkg:maven/org.apache.logging.log4j/log4j-core@2.14.1,cpe:2.3:a:apache:log4j:2.14.1:*:*:*:*:*:*:*,CVE-2021-45046,CWE-502 Deserialization of Untrusted Data,"It was found that the fix to address CVE-2021-44228 in Apache Log4j 2.15.0 was incomplete in certain non-default configurations. This could allows attackers with control over Thread Context Map (MDC) input data when the logging configuration uses a non-default Pattern Layout with either a Context Lookup (for example, $${ctx:loginId}) or a Thread Context Map pattern (%X, %mdc, or %MDC) to craft malicious input data using a JNDI Lookup pattern resulting in an information leak and remote code execution in some environments and local code execution in all environments. Log4j 2.16.0 (Java 8) and 2.12.2 (Java 7) fix this issue by removing support for message lookup patterns and disabling JNDI functionality by default.",NVD,MEDIUM,5.1,/AV:N/AC:H/Au:N/C:P/I:P/A:P,CRITICAL,9.0,CVSS:3.1/AV:N/AC:H/PR:N/UI:N/S:C/C:H/I:H/A:H,HIGH,49
reqmgr/reqmgr_dev/Dev_812,"Mon, 5 Sep 2022 05:43:36 -0400",log4j-core-2.14.1.jar,/home/jenkins/agent/workspace/reqmgr/reqmgr_dev/com.ibm.security.access.reqmgr.cucumber/libs/log4j-core-2.14.1.jar,The Apache Log4j Implementation,https://www.apache.org/licenses/LICENSE-2.0.txt,3570d00d9ceb3ca645d6927f15c03a62,c476bd8acb6e7e55f14195a88fa8802687fcf542,pkg:maven/org.apache.logging.log4j/log4j-core@2.14.1,cpe:2.3:a:apache:log4j:2.14.1:*:*:*:*:*:*:*,CVE-2021-45105,"CWE-20 Improper Input Validation, CWE-674 Uncontrolled Recursion","Apache Log4j2 versions 2.0-alpha1 through 2.16.0 (excluding 2.12.3 and 2.3.1) did not protect from uncontrolled recursion from self-referential lookups. This allows an attacker with control over Thread Context Map data to cause a denial of service when a crafted string is interpreted. This issue was fixed in Log4j 2.17.0, 2.12.3, and 2.3.1.",NVD,MEDIUM,4.3,/AV:N/AC:M/Au:N/C:N/I:N/A:P,MEDIUM,5.9,CVSS:3.1/AV:N/AC:H/PR:N/UI:N/S:U/C:N/I:N/A:H,HIGH,49
reqmgr/reqmgr_dev/Dev_812,"Mon, 5 Sep 2022 05:43:36 -0400",org.apache.sling.javax.activation-0.1.0.jar,/home/jenkins/agent/workspace/reqmgr/reqmgr_dev/com.ibm.security.access.reqmgr.cucumber/libs/org.apache.sling.javax.activation-0.1.0.jar,The Apache Sling javax.activation bundle contributes an OSGi-compatible activation bundle.,http://www.apache.org/licenses/LICENSE-2.0.txt,f2a90b2b2a1246326f9495b944618542,606ef790ce33d9cd6b892c47cc2a9508efc57698,pkg:maven/org.apache.sling/org.apache.sling.javax.activation@0.1.0,cpe:2.3:a:apache:sling:0.1.0:*:*:*:*:*:*:*,CVE-2016-5394,CWE-79 Improper Neutralization of Input During Web Page Generation ('Cross-site Scripting'),"In the XSS Protection API module before 1.0.12 in Apache Sling, the encoding done by the XSSAPI.encodeForJSString() method is not restrictive enough and for some input patterns allows script tags to pass through unencoded, leading to potential XSS vulnerabilities.",NVD,MEDIUM,4.3,/AV:N/AC:M/Au:N/C:N/I:P/A:N,MEDIUM,6.1,CVSS:3.1/AV:N/AC:L/PR:N/UI:R/S:C/C:L/I:L/A:N,HIGH,35
reqmgr/reqmgr_dev/Dev_812,"Mon, 5 Sep 2022 05:43:36 -0400",org.apache.sling.javax.activation-0.1.0.jar,/home/jenkins/agent/workspace/reqmgr/reqmgr_dev/com.ibm.security.access.reqmgr.cucumber/libs/org.apache.sling.javax.activation-0.1.0.jar,The Apache Sling javax.activation bundle contributes an OSGi-compatible activation bundle.,http://www.apache.org/licenses/LICENSE-2.0.txt,f2a90b2b2a1246326f9495b944618542,606ef790ce33d9cd6b892c47cc2a9508efc57698,pkg:maven/org.apache.sling/org.apache.sling.javax.activation@0.1.0,cpe:2.3:a:apache:sling:0.1.0:*:*:*:*:*:*:*,CVE-2016-6798,CWE-611 Improper Restriction of XML External Entity Reference ('XXE'),"In the XSS Protection API module before 1.0.12 in Apache Sling, the method XSS.getValidXML() uses an insecure SAX parser to validate the input string, which allows for XXE attacks in all scripts which use this method to validate user input, potentially allowing an attacker to read sensitive data on the filesystem, perform same-site-request-forgery (SSRF), port-scanning behind the firewall or DoS the application.",NVD,HIGH,7.5,/AV:N/AC:L/Au:N/C:P/I:P/A:P,CRITICAL,9.8,CVSS:3.0/AV:N/AC:L/PR:N/UI:N/S:U/C:H/I:H/A:H,HIGH,35
reqmgr/reqmgr_dev/Dev_812,"Mon, 5 Sep 2022 05:43:36 -0400",postgresql-42.3.6.jar,/home/jenkins/agent/workspace/reqmgr/reqmgr_dev/com.ibm.security.access.reqmgr.ds/lib/postgresql-42.3.6.jar,PostgreSQL JDBC Driver Postgresql,BSD-2-Clause: https://jdbc.postgresql.org/about/license.html,8693d79c6088ab05026dfcb73a811a48,98e509e29657cd3633d93bc05ae41ff71fbb79d1,pkg:maven/org.postgresql/postgresql@42.3.6,"cpe:2.3:a:postgresql:postgresql:42.3.6:*:*:*:*:*:*:*, cpe:2.3:a:postgresql:postgresql_jdbc_driver:42.3.6:*:*:*:*:*:*:*",CVE-2022-31197,CWE-89 Improper Neutralization of Special Elements used in an SQL Command ('SQL Injection'),"PostgreSQL JDBC Driver (PgJDBC for short) allows Java programs to connect to a PostgreSQL database using standard, database independent Java code. The PGJDBC implementation of the `java.sql.ResultRow.refreshRow()` method is not performing escaping of column names so a malicious column name that contains a statement terminator, e.g. `;`, could lead to SQL injection. This could lead to executing additional SQL commands as the application's JDBC user. User applications that do not invoke the `ResultSet.refreshRow()` method are not impacted. User application that do invoke that method are impacted if the underlying database that they are querying via their JDBC application may be under the control of an attacker. The attack requires the attacker to trick the user into executing SQL against a table name who's column names would contain the malicious SQL and subsequently invoke the `refreshRow()` method on the ResultSet. Note that the application's JDBC user and the schema owner need not be the same. A JDBC application that executes as a privileged user querying database schemas owned by potentially malicious less-privileged users would be vulnerable. In that situation it may be possible for the malicious user to craft a schema that causes the application to execute commands as the privileged user. Patched versions will be released as `42.2.26` and `42.4.1`. Users are advised to upgrade. There are no known workarounds for this issue.",NVD,"","","",HIGH,8.0,CVSS:3.1/AV:N/AC:L/PR:L/UI:R/S:U/C:H/I:H/A:H,HIGH,47
